Job_Title,State,City
Data Scientist, CA,San Francisco
Data Scientist, MN,Eden Prairie
Data Analyst, WY,Cheyenne
Data Scientist, TX,Dallas
Data Engineer, MN,St Louis Park
Data Scientist, UT,Logan
Data Analyst, OR,Portland
Data Scientist, VA,Chantilly
Machine Learning Engineer, UT,Ogden
Data Scientist, PA,Pittsburgh
Data Analyst, NY,Glens Falls
Others, IN,Indianapolis
Data Scientist, WI,Sheboygan
Data Scientist, WI,Menasha
Data Engineer, CT,Norwalk
Data Scientist, TN,Memphis
Data Scientist, WI,Milwaukee
Data Scientist, WI,Fond du Lac
Data Scientist, CA,Alameda
Data Scientist, IN,Indianapolis
Data Scientist, CO,Denver
Data Scientist, IL,Chicago
Data Scientist, MO,Maryland Heights
Data Analyst, FL,Tamarac
Data Scientist, CA,Alameda
Data Engineer, IN,Indianapolis
Data Analyst, AZ,Tucson
Data Scientist, MO,North Kansas City
Data Scientist, AL,Birmingham
Data Scientist, PA,Yardley
Data Engineer, GA,Atlanta
Data Scientist, CA,Emeryville
Data Scientist, TN,Memphis
Data Scientist, CA,Emeryville
Data Scientist, CA,Lancaster
Data Scientist, CA,San Francisco
Data Scientist, NC,Charlotte
Data Scientist, KS,Wichita
Data Scientist, MD,Baltimore
Data Scientist, GA,Atlanta
Data Scientist, OH,Hubbard
Data Scientist, KS,Wichita
Data Scientist, MD,Rockville
Data Scientist, SC,Aiken
Data Engineer, CA,Pasadena
Data Scientist, TN,Chattanooga
Data Scientist, KS,Pittsburg
Data Scientist, MA,Lexington
Data Scientist, OH,Beavercreek
Data Scientist, KS,Pittsburg
Data Scientist, KS,Wichita
Data Scientist, TX,Waco
Data Scientist, MA,Boston
Data Scientist, FL,Pensacola
Data Scientist, VA,Ashburn
Data Scientist, FL,Pensacola
Data Scientist, FL,Pensacola
Data Scientist, FL,Pensacola
Data Scientist, FL,Pensacola
Data Scientist, FL,Pensacola
Data Engineer, MD,Chevy Chase
Data Scientist, NY,Pearl River
Data Analyst, NY,New York
Data Engineer, CO,Colorado Springs
Data Scientist, MN,Minneapolis
Data Scientist, NY,Pearl River
Data Scientist, CT,Groton
Data Scientist, MA,Andover
Data Scientist, NY,Pearl River
Data Scientist, NY,Pearl River
Data Scientist, CT,Groton
Data Scientist, IL,Lake Forest
Data Scientist, NY,Pearl River
Data Scientist, IL,Chicago
Data Scientist, CA,Santa Clara
Data Scientist, MA,Boston
Data Engineer, VA,Chantilly
Data Scientist, MA,Andover
Data Scientist, MA,Andover
Data Scientist, MD,Baltimore
Data Scientist, NY,Pearl River
Data Scientist, NY,Pearl River
Data Scientist, MA,Andover
Data Scientist, NC,Morrisville
Data Scientist, CA,La Jolla
Data Analyst, NY,Rochester
Data Scientist, CA,Santa Barbara
Data Scientist, NY,Pearl River
Data Engineer, CA,San Francisco
Data Scientist, TX,Plano
Data Scientist, CA,San Jose
Data Scientist, MA,Marlborough
Data Scientist, CA,San Francisco
Data Analyst, MA,Waltham
Data Scientist, WA,Seattle
Data Engineer, VA,Arlington
Data Engineer, UT,Riverton
Data Analyst, TX,Austin
Data Scientist, MD,Annapolis Junction
Data Scientist, MA,Boston
Data Scientist, CA,Culver City
Data Scientist, VA,Herndon
Data Scientist, VA,Alexandria
Data Scientist, VA,Alexandria
Machine Learning Engineer, MA,Boston
Data Engineer, MD,Columbia
Data Scientist, MI,Ann Arbor
Data Analyst, PA,Wayne
Data Scientist, KS,Kansas City
Data Scientist, NE,Omaha
Data Scientist, MA,Woburn
Data Scientist, CA,San Francisco
Others, MA,Holyoke
Data Scientist, OH,Wright Patterson AFB
Data Analyst, CA,Santa Barbara
Data Analyst, NJ,Ewing
Data Analyst, ID,Chubbuck
Data Scientist, CA,San Francisco
Others, SC,Columbia
Data Analyst, AL,Birmingham
Data Analyst, CA,San Francisco
Data Analyst, NJ,Somerset
Data Analyst, CA,San Francisco
Data Scientist, MA,New Bedford
Data Scientist, VA,McLean
Data Scientist, CA,Palo Alto
Data Scientist, NY,New York
Data Scientist, NY,New York
Data Scientist, NJ,Fort Lee
Others, ID,Boise
Data Analyst, MD,Gaithersburg
Data Analyst, NY,New York
Data Scientist, NY,New York
Data Scientist, VA,Springfield
Data Scientist, NC,Winston-Salem
Data Scientist, FL,Clearwater
Data Scientist, MD,Rockville
Machine Learning Engineer, CA,San Diego
Data Scientist, MA,Cambridge
Data Analyst, FL,Boca Raton
Data Engineer, MA,Waltham
Data Analyst, TX,Dallas
Data Scientist, CA,Redwood City
Data Scientist, NY,New York
Data Scientist, MD,Gaithersburg
Data Scientist, MA,Boston
Data Engineer, IL,Chicago
Others, IN,Odon
Data Scientist, MD,Gaithersburg
Data Scientist, CA,Santa Monica
Data Scientist, GA,Atlanta
Data Analyst, AZ,Tucson
Data Analyst, FL,Boca Raton
Data Scientist, CA,Santa Clara
Data Scientist, CA,San Mateo
Data Engineer, NV,Reno
Data Analyst, PA,Pittsburgh
Data Analyst, PA,Fort Washington
Data Scientist, NC,Raleigh
Data Scientist, CA,San Diego
Data Analyst, NY,New York
Data Scientist, MD,Gaithersburg
Data Analyst, TX,Dallas
Data Scientist, MA,Cambridge
Data Scientist, NJ,Fort Lee
Data Scientist, CA,San Francisco
Data Scientist, VA,Vienna
Data Analyst, CA,San Jose
Data Analyst, NC,Morrisville
Data Scientist, VA,Chantilly
Data Scientist, TX,Austin
Others, CA,San Jose
Data Scientist, AR,Rogers
Data Scientist, MD,Gaithersburg
Data Scientist, MA,Waltham
Data Scientist, TX,Austin
Data Scientist, MD,Gaithersburg
Data Scientist, MD,Gaithersburg
Data Scientist, MD,Gaithersburg
Data Scientist, TX,Austin
Data Scientist, NY,New York
Data Engineer, CA,South San Francisco
Data Analyst, IN,Indianapolis
Data Scientist, DE,Wilmington
Data Scientist, CA,Santa Clara
Data Analyst, MA,Waltham
Data Scientist, NY,Syracuse
Data Scientist, MA,Waltham
Data Scientist, CA,Mountain View
Data Analyst, MA,Waltham
Data Analyst, DC,Washington
Data Analyst, MD,Chevy Chase
Data Scientist, MD,Gaithersburg
Data Scientist, CT,Milford
Data Scientist, DC,Washington
Data Scientist, MD,Gaithersburg
Data Scientist, MD,Gaithersburg
Machine Learning Engineer, VA,Herndon
Data Analyst, MO,Carthage
Data Engineer, CA,Orange
Data Scientist, MD,Gaithersburg
Data Scientist, MD,Gaithersburg
Data Scientist, MA,Waltham
Data Analyst, GA,Atlanta
Data Scientist, MD,Gaithersburg
Data Scientist, NY,New York
Data Analyst, AZ,Scottsdale
Data Scientist, TX,Austin
Data Scientist, MA,Cambridge
Data Scientist, MA,New Bedford
Machine Learning Engineer, CA,Simi Valley
Data Engineer, FL,Tampa
Data Scientist, VA,Fairfax
Data Scientist, VA,Centreville
Data Engineer, IA,Des Moines
Data Scientist, MD,Gaithersburg
Data Analyst, DC,Washington
Data Scientist, MA,Burlington
Data Scientist, NY,New York
Data Scientist, AL,Alabaster
Data Scientist, IL,Aurora
Data Scientist, TX,Austin
Data Scientist, CT,Hartford
Data Scientist, MD,Woodlawn
Data Scientist, VA,Herndon
Data Scientist, CA,Irvine
Data Scientist, MA,Lexington
Data Engineer, TX,Austin
Data Scientist, CA,Alameda
Data Scientist, CA,Palo Alto
Data Scientist, VA,Richmond
Data Scientist, TX,Greenville
Data Scientist, VA,Springfield
Data Scientist, MD,Gaithersburg
Data Scientist, CA,South San Francisco
Data Scientist, CA,South San Francisco
Data Scientist, CA,South San Francisco
Data Scientist, CA,South San Francisco
Data Scientist, MA,Cambridge
Data Scientist, UT,Salt Lake City
Data Engineer, DC,Washington
Data Scientist, CA,South San Francisco
Others, CA,San Carlos
Data Analyst, WI,West Bend
Data Scientist, CA,South San Francisco
Data Scientist, CA,San Francisco
Data Scientist, MD,Gaithersburg
Data Scientist, CA,South San Francisco
Data Scientist, CA,South San Francisco
Data Scientist, VA,Reston
Data Scientist, NC,Morrisville
Others, MD,Annapolis Junction
Data Scientist, MD,Aberdeen Proving Ground
Data Scientist, VA,McLean
Data Scientist, CA,South San Francisco
Data Scientist, MA,Boston
Data Scientist, OH,Cincinnati
Data Scientist, NJ,Princeton
Data Scientist, IN,West Lafayette
Data Scientist, IN,West Lafayette
Data Scientist, CA,Fremont
Data Engineer, TX,Plano
Data Scientist, CA,Valencia
Data Scientist, GA,Atlanta
Data Scientist, CA,South San Francisco
Data Scientist, CA,South San Francisco
Data Scientist, CA,Carlsbad
Data Scientist, CA,San Diego
Machine Learning Engineer, CA,San Francisco
Data Analyst, CT,Norwalk
Data Scientist, WI,Madison
Data Scientist, VA,McLean
Data Scientist, MD,Gaithersburg
Data Scientist, DC,Washington
Data Scientist, CA,South San Francisco
Data Scientist, CA,South San Francisco
Data Engineer, MA,Boston
Data Scientist, NC,Morrisville
Data Scientist, FL,St Petersburg Beach
Data Scientist, CA,Redwood City
Others, CA,San Jose
Data Scientist, CA,South San Francisco
Data Scientist, CA,Glendale
Data Scientist, CA,Northridge
Data Scientist, VA,Chantilly
Data Engineer, TX,Houston
Data Scientist, CA,San Francisco
Data Scientist, MD,Patuxent River
Data Scientist, NC,Winston-Salem
Data Engineer, VA,Chantilly
Data Engineer, MD,Owings Mills
Data Engineer, IL,Chicago
Data Scientist, MI,Ann Arbor
Data Scientist, IN,West Lafayette
Data Analyst, MA,Springfield
Data Engineer, GA,Atlanta
Data Scientist, IL,Naperville
Data Scientist, MA,Amherst
Data Analyst, MA,Waltham
Machine Learning Engineer, UT,Lehi
Others, TX,Houston
Data Analyst, PA,Blue Bell
Data Engineer, MN,Golden Valley
Data Analyst, NY,New York
Data Analyst, NY,New York
Data Scientist, IN,West Lafayette
Data Scientist, IL,Chicago
Data Scientist, CA,San Diego
Data Engineer, CA,San Jose
Data Scientist, NJ,Morris Plains
Data Analyst, CT,Hartford
Data Scientist, MA,Cambridge
Data Analyst, WA,Seattle
Data Scientist, IN,West Lafayette
Data Scientist, WI,Madison
Data Scientist, MD,Linthicum Heights
Data Engineer, MO,Saint Louis
Data Scientist, MS,Stennis Space Center
Data Scientist, CA,Cupertino
Data Scientist, CA,Sunnyvale
Data Engineer, GA,Atlanta
Data Scientist, MA,Amherst
Data Analyst, CA,San Mateo
Data Scientist, MO,Saint Louis
Data Analyst, MA,Cambridge
Data Scientist, FL,Orlando
Data Scientist, MD,Columbia
Data Scientist, CA,South San Francisco
Data Scientist, MA,Cambridge
Others, NY,New York
Data Scientist, MA,Boston
Data Scientist, MA,Lowell
Machine Learning Engineer, CA,San Francisco
Data Scientist, CA,San Diego
Data Analyst, CT,Hartford
Data Engineer, MD,Chevy Chase
Others, FL,Orlando
Data Scientist, TX,Austin
Data Scientist, MO,Saint Louis
Data Scientist, VA,Fort Belvoir
Data Analyst, OH,Wilmington
Data Scientist, NY,Pearl River
Data Scientist, IN,Indianapolis
Data Scientist, NY,New York
Data Scientist, CA,San Francisco
Data Analyst, WA,Yakima
Data Analyst, FL,Tampa
Data Scientist, MA,Cambridge
Data Scientist, NY,New York
Data Scientist, FL,Clearwater
Data Scientist, MI,Mattawan
Data Scientist, CA,Brisbane
Data Scientist, GA,Atlanta
Data Engineer, MN,Golden Valley
Data Scientist, MD,Frederick
Data Scientist, PA,Malvern
Data Analyst, GA,Alpharetta
Data Scientist, MD,Rockville
Data Scientist, CA,San Francisco
Others, IL,Chicago
Data Scientist, CA,South San Francisco
Data Scientist, CA,Mountain View
Data Analyst, TX,Austin
Data Scientist, WI,Madison
Data Engineer, VA,Springfield
Data Scientist, MA,North Reading
Data Scientist, CA,Mountain View
Data Analyst, CA,Alameda
Data Analyst, NY,New York
Others, CA,San Jose
Others, MD,Rockville
Data Scientist, SC,Charleston
Data Scientist, SC,Charleston
Data Scientist, NJ,Basking Ridge
Data Scientist, MD,Silver Spring
Data Scientist, TX,Carrollton
Data Scientist, NJ,Basking Ridge
Data Scientist, CA,San Francisco
Data Scientist, NY,New York
Data Analyst, NJ,Jersey City
Data Scientist, NY,Tarrytown
Data Scientist, CA,Duarte
Data Scientist, WI,Madison
Data Scientist, NJ,Basking Ridge
Data Scientist, MA,Watertown
Data Scientist, MI,Mattawan
Data Scientist, MD,Laurel
Data Scientist, CT,Ridgefield
Data Scientist, CA,Aliso Viejo
Data Scientist, MA,Newton
Data Analyst, DC,Washington
Data Scientist, MA,Cambridge
Data Scientist, CA,Alameda
Data Analyst, WI,Brookfield
Data Scientist, NY,Pearl River
Data Scientist, VA,Fort Belvoir
Data Scientist, OH,Ashland
Data Scientist, WI,Madison
Data Analyst, NJ,Lyndhurst
Data Analyst, OR,Portland
Data Scientist, VA,McLean
Data Scientist, CA,San Francisco
Data Analyst, NY,Lake Success
Data Scientist, PA,West Reading
Data Scientist, CT,Ridgefield
Data Scientist, CT,Ridgefield
Data Scientist, CA,San Diego
Others, SC,Fort Mill
Data Scientist, CA,San Francisco
Data Scientist, CA,Santa Clara
Data Scientist, MA,Lexington
Data Scientist, MD,College Park
Data Scientist, MD,College Park
Data Scientist, NJ,Basking Ridge
Data Scientist, MD,College Park
Data Scientist, MD,College Park
Data Engineer, FL,Doral
Data Scientist, WI,Madison
Data Scientist, WI,Madison
Data Scientist, CA,Healdsburg
Data Scientist, CT,Ridgefield
Data Scientist, NY,New York
Data Scientist, CA,South San Francisco
Data Analyst, RI,Providence
Data Scientist, NJ,Woodbridge
Data Analyst, MD,Columbia
Data Scientist, CA,Woodland Hills
Data Analyst, CA,Los Angeles
Data Scientist, CT,Ridgefield
Data Scientist, CT,Ridgefield
Data Scientist, CT,Ridgefield
Data Scientist, MA,Cambridge
Data Engineer, MA,Cambridge
Data Scientist, VA,Alexandria
Machine Learning Engineer, MI,Detroit
Data Analyst, OH,Cincinnati
Data Scientist, DC,Washington
Data Scientist, OH,Cincinnati
Data Scientist, CT,Ridgefield
Data Scientist, VA,McLean
Data Engineer, CA,Cupertino
Data Scientist, CO,Vail
Data Scientist, CA,Los Angeles
Data Scientist, VA,Richmond
Data Scientist, VA,Reston
Data Analyst, AL,Huntsville
Data Scientist, CT,Ridgefield
Data Scientist, MA,Cambridge
Data Analyst, MD,Timonium
Data Scientist, DC,Washington
Machine Learning Engineer, CA,San Francisco
Data Scientist, VA,Richmond
Data Engineer, PA,Pittsburgh
Data Scientist, WI,Middleton
Data Scientist, MA,Billerica
Data Scientist, OH,Dayton
Data Analyst, VA,Alexandria
Data Scientist, CT,Ridgefield
Data Scientist, CA,Pasadena
Data Engineer, VA,Falls Church
Data Analyst, CA,Simi Valley
Data Scientist, CA,South San Francisco
Data Scientist, TX,Austin
Data Analyst, MI,Detroit
Data Scientist, CA,San Francisco
Data Analyst, UT,Salt Lake City
Data Analyst, IL,Downers Grove
Data Engineer, CA,Palo Alto
Data Scientist, IL,Rosemont
Data Engineer, MO,Saint Louis
Data Scientist, CT,New Haven
Data Scientist, MD,Laurel
Data Scientist, CA,Emeryville
Data Scientist, NY,New York
Data Scientist, NY,New York
Data Analyst, IN,Indianapolis
Data Scientist, VA,Chantilly
Data Engineer, TX,Austin
Data Scientist, MA,Cambridge
Data Engineer, NJ,South Plainfield
Data Scientist, DC,Washington
Data Engineer, CA,El Segundo
Data Engineer, TX,San Antonio
Data Scientist, WA,Richland
Data Scientist, CA,El Segundo
Data Scientist, VA,Arlington
Data Scientist, CA,Alameda
Data Scientist, NJ,Morris Plains
Data Analyst, CT,Waterbury
Data Scientist, ID,Twin Falls
Data Scientist, VA,Richmond
Data Analyst, OR,Hillsboro
Data Scientist, NY,Pearl River
Data Analyst, IL,Moline
Data Scientist, NC,Research Triangle Park
Data Analyst, CA,Westlake Village
Data Scientist, MD,Rockville
Data Scientist, MA,Boston
Data Scientist, CA,Greenbrae
Data Scientist, CA,Irwindale
Data Scientist, CA,Pomona
Data Engineer, CA,San Francisco
Data Scientist, WI,Green Bay
Data Analyst, MA,Boston
Data Scientist, NJ,Princeton
Data Scientist, MD,Gaithersburg
Data Scientist, NY,Brookhaven
Data Analyst, NY,New York
Data Analyst, MD,Baltimore
Data Scientist, MD,Rockville
Data Analyst, NJ,Morristown
Data Scientist, MO,Saint Louis
Data Scientist, CA,Menlo Park
Data Engineer, TX,Austin
Data Scientist, NH,Lebanon
Data Scientist, FL,Miami
Others, CA,Palo Alto
Others, CT,Farmington
Data Analyst, FL,Lake Mary
Data Analyst, NY,New York
Data Scientist, WA,Richland
Data Scientist, NY,New York
Data Analyst, SC,Fort Mill
Data Scientist, TN,Memphis
Machine Learning Engineer, CA,Mountain View
Data Scientist, TN,Memphis
Data Analyst, MD,Timonium
Data Engineer, TX,Plano
Data Scientist, CA,Alameda
Data Scientist, GA,Forsyth
Data Scientist, TX,Austin
Data Scientist, CA,Alameda
Data Analyst, IL,Northbrook
Data Scientist, NJ,Basking Ridge
Data Scientist, MD,Laurel
Data Analyst, OR,Beaverton
Data Analyst, CA,San Francisco
Data Scientist, MA,Cambridge
Data Analyst, GA,Alpharetta
Data Scientist, CA,San Francisco
Data Scientist, WA,Sumner
Data Analyst, NY,New York
Data Scientist, CA,Palo Alto
Data Scientist, MD,Bethesda
Data Scientist, WA,Seattle
Data Analyst, SC,Hartsville
Data Analyst, CA,Santa Clara
Data Scientist, CA,Menlo Park
Data Scientist, CA,Foster City
Data Scientist, CA,West Hills
Data Analyst, PA,Fort Washington
Data Analyst, CA,Scotts Valley
Data Analyst, CA,Los Angeles
Data Analyst, FL,West Palm Beach
Data Scientist, FL,Miami
Data Analyst, CT,Stamford
Data Scientist, WI,Franklin
Data Scientist, MA,Marlborough
Data Scientist, NY,Tarrytown
Data Scientist, MA,Cambridge
Data Scientist, CA,San Jose
Data Analyst, CA,Orange
Data Engineer, CA,Pleasanton
Data Analyst, CA,Alameda
Data Engineer, CA,El Segundo
Data Scientist, MA,Cambridge
Data Analyst, TN,Memphis
Data Scientist, CA,Milpitas
Data Scientist, NJ,Piscataway
Data Analyst, VA,Smithfield
Data Scientist, CA,Los Angeles
Data Analyst, WI,Stratford
Others, WA,Seattle
Data Scientist, IN,Fishers
Data Analyst, TN,Nashville
Data Scientist, CA,San Diego
Data Scientist, CA,Emeryville
Data Engineer, IL,Chicago
Data Engineer, VA,McLean
Data Scientist, CA,San Diego
Data Scientist, NY,Tarrytown
Data Scientist, CO,Boulder
Data Scientist, NY,Pearl River
Data Scientist, CA,La Jolla
Others, NY,New York
Data Analyst, NC,Charlotte
Data Scientist, CA,South San Francisco
Data Engineer, CA,Aliso Viejo
Data Scientist, CA,Burbank
Data Engineer, CA,Culver City
Data Scientist, UT,Salt Lake City
Data Engineer, CO,Denver
Data Scientist, CO,Centennial
Data Scientist, MN,Eden Prairie
Data Analyst, TN,Nashville
Data Scientist, TX,Spring
Data Scientist, MI,Grand Rapids
Data Scientist, CA,Palo Alto
Data Scientist, VA,Falls Church
Data Analyst, RI,Providence
Data Scientist, FL,Fort Lauderdale
Machine Learning Engineer, TX,Austin
Others, TX,Irving
Data Engineer, MI,Detroit
Data Scientist, MD,Gaithersburg
Data Analyst, NJ,Paramus
Data Scientist, CA,Milpitas
Data Scientist, TN,Memphis
Data Scientist, CA,South San Francisco
Data Analyst, CA,Irwindale
Data Analyst, CA,Irwindale
Data Scientist, CA,San Jose
Data Analyst, TN,Franklin
Data Scientist, MD,Gaithersburg
Data Analyst, NY,New York
Data Scientist, OH,Columbus
Data Scientist, VA,Springfield
Data Analyst, TN,Nashville
Data Engineer, MA,Waltham
Data Scientist, TN,Memphis
Data Engineer, MA,Waltham
Data Scientist, AL,Huntsville
Data Scientist, MD,Bethesda
Data Scientist, IL,Naperville
Data Scientist, CA,San Jose
Data Scientist, CA,South San Francisco
Data Analyst, VA,Fort Belvoir
Data Scientist, TN,Memphis
Data Scientist, TN,Memphis
Data Analyst, MA,Boston
Data Analyst, CA,San Diego
Data Analyst, DC,Washington
Data Scientist, CA,El Segundo
Data Scientist, CT,New Britain
Data Scientist, NJ,Bridgewater
Data Scientist, TN,Memphis
Data Scientist, CA,San Diego
Data Scientist, MA,Boston
Data Scientist, CA,Emeryville
Data Scientist, CA,Oakland
Data Scientist, CA,La Jolla
Data Analyst, CA,Watsonville
Data Scientist, CO,Boulder
Data Scientist, FL,Middleburg
Data Scientist, NJ,Ridgefield Park
Data Engineer, CA,San Francisco
Data Scientist, VA,McLean
Data Analyst, CA,Sacramento
Data Analyst, TX,Austin
Data Scientist, TN,Memphis
Data Scientist, IL,Naperville
Data Analyst, CA,Santa Monica
Data Scientist, CA,Pomona
Data Scientist, NY,New York
Data Analyst, MA,Boston
Data Scientist, CA,San Francisco
Data Scientist, NY,New York
Data Scientist, VA,Springfield
Data Scientist, IL,Chicago
Data Scientist, CA,South San Francisco
Data Scientist, MA,Boston
Data Scientist, MA,Boston
Data Scientist, MA,Boston
Data Scientist, MA,Boston
Data Scientist, WI,Milwaukee
Data Scientist, DC,Washington
Data Analyst, CA,Foster City
Data Scientist, CA,Emeryville
Data Scientist, TX,Austin
Data Scientist, MA,Bedford
Data Scientist, CA,San Francisco
Data Scientist, WA,Gig Harbor
Data Scientist, TX,Houston
Data Scientist, MN,Arden Hills
Data Analyst, NY,New York
Data Scientist, NC,Charlotte
Data Engineer, CA,San Francisco
Data Engineer, CA,Emeryville
Data Scientist, MA,Cambridge
Data Scientist, IL,Downers Grove
Data Engineer, CA,Agoura Hills
Data Analyst, VA,Dulles
Data Engineer, VA,Reston
Data Scientist, TN,Memphis
Others, CA,South San Francisco
Data Analyst, WV,Clarksburg
Data Engineer, PA,Pittsburgh
Data Engineer, UT,Salt Lake City
Data Engineer, MA,Boston
Data Scientist, MA,Watertown
Data Scientist, VA,McLean
Data Scientist, MA,Cambridge
Data Scientist, NY,Pearl River
Data Scientist, TX,The Woodlands
Data Scientist, CA,Los Angeles
Data Scientist, NY,New York
Data Scientist, IL,Melrose Park
Data Scientist, WA,Seattle
Data Scientist, NY,New York
Data Scientist, IA,Des Moines
Data Scientist, VA,Quantico
Data Scientist, AL,Huntsville
Data Scientist, CA,South San Francisco
Data Scientist, CA,Culver City
Data Scientist, MD,Laurel
Data Analyst, VA,Vienna
Data Scientist, NY,New York
Others, PA,Bala Cynwyd
Data Scientist, GA,Atlanta
Data Engineer, NC,Raleigh
Data Scientist, CA,Emeryville
Others, MO,Columbia
Data Scientist, IL,Chicago
Data Scientist, VA,Herndon
Data Engineer, TX,Austin
Data Engineer, VA,Richmond
Others, NY,New York
Data Scientist, WA,Bothell
Data Scientist, CA,San Francisco
Data Scientist, TN,Memphis
Data Scientist, CA,Oakland
Data Scientist, CA,Lancaster
Data Scientist, VA,McLean
Data Analyst, VA,Arlington
Data Scientist, MD,Laurel
Data Analyst, CA,Union City
Data Scientist, CA,Culver City
Data Scientist, MD,Laurel
Data Analyst, VA,Vienna
Data Scientist, NY,New York
Others, PA,Bala Cynwyd
Data Scientist, GA,Atlanta
Data Engineer, NC,Raleigh
Data Scientist, CA,Emeryville
Others, MO,Columbia
Data Scientist, IL,Chicago
Data Scientist, VA,Herndon
Data Engineer, TX,Austin
Data Engineer, VA,Richmond
Others, NY,New York
Data Scientist, WA,Bothell
Data Scientist, CA,San Francisco
Data Scientist, TN,Memphis
Data Scientist, CA,Oakland
Data Scientist, CA,Lancaster
Data Scientist, VA,McLean
Data Analyst, VA,Arlington
Data Scientist, MD,Laurel
Data Analyst, CA,Union City
Data Scientist, CA,Culver City
Data Scientist, MD,Laurel
Data Analyst, VA,Vienna
Data Scientist, NY,New York
Others, PA,Bala Cynwyd
Data Scientist, GA,Atlanta
Data Engineer, NC,Raleigh
Data Scientist, CA,Emeryville
Others, MO,Columbia
Data Scientist, IL,Chicago
Data Scientist, VA,Herndon
Data Engineer, TX,Austin
Data Engineer, VA,Richmond
Others, NY,New York
Data Scientist, WA,Bothell
Data Scientist, CA,San Francisco
Data Scientist, TN,Memphis
Data Scientist, CA,Oakland
Data Scientist, CA,Lancaster
Data Scientist, VA,McLean
Data Analyst, VA,Arlington
Data Scientist, MD,Laurel
Data Analyst, CA,Union City
Data Scientist, CA,Culver City
Data Scientist, MD,Laurel
Data Analyst, VA,Vienna
Data Scientist, NY,New York
Others, PA,Bala Cynwyd
Data Scientist, GA,Atlanta
Data Engineer, NC,Raleigh
Data Scientist, CA,Emeryville
Others, MO,Columbia
Data Scientist, IL,Chicago
Data Scientist, VA,Herndon
Data Engineer, TX,Austin
Data Engineer, VA,Richmond
Others, NY,New York
Data Scientist, WA,Bothell
Data Scientist, CA,San Francisco
Data Scientist, TN,Memphis
Data Scientist, CA,Oakland
Data Scientist, CA,Lancaster
Data Scientist, VA,McLean
Data Analyst, VA,Arlington
Data Scientist, MD,Laurel
Data Analyst, CA,Union City
Data Scientist, CA,Culver City
Data Scientist, MD,Laurel
Data Analyst, VA,Vienna
Data Scientist, NY,New York
Others, PA,Bala Cynwyd
Data Scientist, GA,Atlanta
Data Engineer, NC,Raleigh
Data Scientist, CA,Emeryville
Others, MO,Columbia
Data Scientist, IL,Chicago
Data Scientist, VA,Herndon
Data Engineer, TX,Austin
Data Engineer, VA,Richmond
Others, NY,New York
Data Scientist, WA,Bothell
Data Scientist, CA,San Francisco
Data Scientist, TN,Memphis
Data Scientist, CA,Oakland
Data Scientist, CA,Lancaster
Data Scientist, VA,McLean
Data Analyst, VA,Arlington
Data Scientist, MD,Laurel
Data Analyst, CA,Union City
Data Scientist, CA,Culver City
Data Scientist, MD,Laurel
Data Analyst, VA,Vienna
Data Scientist, NY,New York
Others, PA,Bala Cynwyd
Data Scientist, GA,Atlanta
Data Engineer, NC,Raleigh
Data Scientist, CA,Emeryville
Others, MO,Columbia
Data Scientist, IL,Chicago
Data Scientist, VA,Herndon
Data Engineer, TX,Austin
Data Engineer, VA,Richmond
Others, NY,New York
Data Scientist, WA,Bothell
Data Scientist, CA,San Francisco
Data Scientist, TN,Memphis
Data Scientist, CA,Oakland
Data Scientist, CA,Lancaster
Data Scientist, VA,McLean
Data Analyst, VA,Arlington
Data Scientist, MD,Laurel
Data Analyst, CA,Union City
Data Scientist, CA,Culver City
Data Scientist, MD,Laurel
Data Analyst, VA,Vienna
Data Scientist, NY,New York
Others, PA,Bala Cynwyd
Data Scientist, GA,Atlanta
Data Engineer, NC,Raleigh
Data Scientist, CA,Emeryville
Others, MO,Columbia
Data Scientist, IL,Chicago
Data Scientist, VA,Herndon
Data Engineer, TX,Austin
Data Engineer, VA,Richmond
Others, NY,New York
Data Scientist, WA,Bothell
Data Scientist, CA,San Francisco
Data Scientist, TN,Memphis
Data Scientist, CA,Oakland
Data Scientist, CA,Lancaster
Data Scientist, VA,McLean
Data Analyst, VA,Arlington
Data Scientist, MD,Laurel
Data Analyst, CA,Union City
Data Scientist, CA,Culver City
Data Scientist, MD,Laurel
Data Analyst, VA,Vienna
Data Scientist, NY,New York
Others, PA,Bala Cynwyd
Data Scientist, GA,Atlanta
Data Engineer, NC,Raleigh
Data Scientist, CA,Emeryville
Others, MO,Columbia
Data Scientist, IL,Chicago
Data Scientist, VA,Herndon
Data Engineer, TX,Austin
Data Engineer, VA,Richmond
Others, NY,New York
Data Scientist, WA,Bothell
Data Scientist, CA,San Francisco
Data Scientist, TN,Memphis
Data Scientist, CA,Oakland
Data Scientist, CA,Lancaster
Data Scientist, VA,McLean
Data Analyst, VA,Arlington
Data Scientist, MD,Laurel
Data Analyst, CA,Union City
Data Scientist, CA,Culver City
Data Scientist, MD,Laurel
Data Analyst, VA,Vienna
Data Scientist, NY,New York
Others, PA,Bala Cynwyd
Data Scientist, GA,Atlanta
Data Engineer, NC,Raleigh
Data Scientist, CA,Emeryville
Others, MO,Columbia
Data Scientist, IL,Chicago
Data Scientist, VA,Herndon
Data Engineer, TX,Austin
Data Engineer, VA,Richmond
Others, NY,New York
Data Scientist, WA,Bothell
Data Scientist, CA,San Francisco
Data Scientist, TN,Memphis
Data Scientist, CA,Oakland
Data Scientist, CA,Lancaster
Data Scientist, VA,McLean
Data Analyst, VA,Arlington
Data Scientist, MD,Laurel
Data Analyst, CA,Union City
Data Scientist, CA,Culver City
Data Scientist, MD,Laurel
Data Analyst, VA,Vienna
Data Scientist, NY,New York
Others, PA,Bala Cynwyd
Data Scientist, GA,Atlanta
Data Engineer, NC,Raleigh
Data Scientist, CA,Emeryville
Others, MO,Columbia
Data Scientist, IL,Chicago
Data Scientist, VA,Herndon
Data Engineer, TX,Austin
Data Engineer, VA,Richmond
Others, NY,New York
Data Scientist, WA,Bothell
Data Scientist, CA,San Francisco
Data Scientist, TN,Memphis
Data Scientist, CA,Oakland
Data Scientist, CA,Lancaster
Data Scientist, VA,McLean
Data Analyst, VA,Arlington
Data Scientist, MD,Laurel
Data Analyst, CA,Union City
Data Scientist, CA,Culver City
Data Scientist, MD,Laurel
Data Analyst, VA,Vienna
Data Scientist, NY,New York
Others, PA,Bala Cynwyd
Data Scientist, GA,Atlanta
Data Engineer, NC,Raleigh
Data Scientist, CA,Emeryville
Others, MO,Columbia
Data Scientist, IL,Chicago
Data Scientist, VA,Herndon
Data Engineer, TX,Austin
Data Engineer, VA,Richmond
Others, NY,New York
Data Scientist, WA,Bothell
Data Scientist, CA,San Francisco
Data Scientist, TN,Memphis
Data Scientist, CA,Oakland
Data Scientist, CA,Lancaster
Data Scientist, VA,McLean
Data Analyst, VA,Arlington
Data Scientist, MD,Laurel
Data Analyst, CA,Union City
Data Scientist, CA,Culver City
Data Scientist, MD,Laurel
Data Analyst, VA,Vienna
Data Scientist, NY,New York
Others, PA,Bala Cynwyd
Data Scientist, GA,Atlanta
Data Engineer, NC,Raleigh
Data Scientist, CA,Emeryville
Others, MO,Columbia
Data Scientist, IL,Chicago
Data Scientist, VA,Herndon
Data Engineer, TX,Austin
Data Engineer, VA,Richmond
Others, NY,New York
Data Scientist, WA,Bothell
Data Scientist, CA,San Francisco
Data Scientist, TN,Memphis
Data Scientist, CA,Oakland
Data Scientist, CA,Lancaster
Data Scientist, VA,McLean
Data Analyst, VA,Arlington
Data Scientist, MD,Laurel
Data Analyst, CA,Union City
Data Scientist, CA,Culver City
Data Scientist, MD,Laurel
Data Analyst, VA,Vienna
Data Scientist, NY,New York
Others, PA,Bala Cynwyd
Data Scientist, GA,Atlanta
Data Engineer, NC,Raleigh
Data Scientist, CA,Emeryville
Others, MO,Columbia
Data Scientist, IL,Chicago
Data Scientist, VA,Herndon
Data Engineer, TX,Austin
Data Engineer, VA,Richmond
Others, NY,New York
Data Scientist, WA,Bothell
Data Scientist, CA,San Francisco
Data Scientist, TN,Memphis
Data Scientist, CA,Oakland
Data Scientist, CA,Lancaster
Data Scientist, VA,McLean
Data Analyst, VA,Arlington
Data Scientist, MD,Laurel
Data Analyst, CA,Union City
Data Scientist, CA,Culver City
Data Scientist, MD,Laurel
Data Analyst, VA,Vienna
Data Scientist, NY,New York
Others, PA,Bala Cynwyd
Data Scientist, GA,Atlanta
Data Engineer, NC,Raleigh
Data Scientist, CA,Emeryville
Others, MO,Columbia
Data Scientist, IL,Chicago
Data Scientist, VA,Herndon
Data Engineer, TX,Austin
Data Engineer, VA,Richmond
Others, NY,New York
Data Scientist, WA,Bothell
Data Scientist, CA,San Francisco
Data Scientist, TN,Memphis
Data Scientist, CA,Oakland
Data Scientist, CA,Lancaster
Data Scientist, VA,McLean
Data Analyst, VA,Arlington
Data Scientist, MD,Laurel
Data Analyst, CA,Union City
Data Scientist, CA,Culver City
Data Scientist, MD,Laurel
Data Analyst, VA,Vienna
Data Scientist, NY,New York
Others, PA,Bala Cynwyd
Data Scientist, GA,Atlanta
Data Engineer, NC,Raleigh
Data Scientist, CA,Emeryville
Others, MO,Columbia
Data Scientist, IL,Chicago
Data Scientist, VA,Herndon
Data Engineer, TX,Austin
Data Engineer, VA,Richmond
Others, NY,New York
Data Scientist, WA,Bothell
Data Scientist, CA,San Francisco
Data Scientist, TN,Memphis
Data Scientist, CA,Oakland
Data Scientist, CA,Lancaster
Data Scientist, VA,McLean
Data Analyst, VA,Arlington
Data Scientist, MD,Laurel
Data Analyst, CA,Union City
Data Scientist, CA,Culver City
Data Scientist, MD,Laurel
Data Analyst, VA,Vienna
Data Scientist, NY,New York
Others, PA,Bala Cynwyd
Data Scientist, GA,Atlanta
Data Engineer, NC,Raleigh
Data Scientist, CA,Emeryville
Others, MO,Columbia
Data Scientist, IL,Chicago
Data Scientist, VA,Herndon
Data Engineer, TX,Austin
Data Engineer, VA,Richmond
Others, NY,New York
Data Scientist, WA,Bothell
Data Scientist, CA,San Francisco
Data Scientist, TN,Memphis
Data Scientist, CA,Oakland
Data Scientist, CA,Lancaster
Data Scientist, VA,McLean
Data Analyst, VA,Arlington
Data Scientist, MD,Laurel
Data Analyst, CA,Union City
Data Scientist, CA,Culver City
Data Scientist, MD,Laurel
Data Analyst, VA,Vienna
Data Scientist, NY,New York
Others, PA,Bala Cynwyd
Data Scientist, GA,Atlanta
Data Engineer, NC,Raleigh
Data Scientist, CA,Emeryville
Others, MO,Columbia
Data Scientist, IL,Chicago
Data Scientist, VA,Herndon
Data Engineer, TX,Austin
Data Engineer, VA,Richmond
Others, NY,New York
Data Scientist, WA,Bothell
Data Scientist, CA,San Francisco
Data Scientist, TN,Memphis
Data Scientist, CA,Oakland
Data Scientist, CA,Lancaster
Data Scientist, VA,McLean
Data Analyst, VA,Arlington
Data Scientist, MD,Laurel
Data Analyst, CA,Union City
Data Scientist, CA,Culver City
Data Scientist, MD,Laurel
Data Analyst, VA,Vienna
Data Scientist, NY,New York
Others, PA,Bala Cynwyd
Data Scientist, GA,Atlanta
Data Engineer, NC,Raleigh
Data Scientist, CA,Emeryville
Others, MO,Columbia
Data Scientist, IL,Chicago
Data Scientist, VA,Herndon
Data Engineer, TX,Austin
Data Engineer, VA,Richmond
Others, NY,New York
Data Scientist, WA,Bothell
Data Scientist, CA,San Francisco
Data Scientist, TN,Memphis
Data Scientist, CA,Oakland
Data Scientist, CA,Lancaster
Data Scientist, VA,McLean
Data Analyst, VA,Arlington
Data Scientist, MD,Laurel
Data Analyst, CA,Union City
Data Scientist, CA,Culver City
Data Scientist, MD,Laurel
Data Analyst, VA,Vienna
Data Scientist, NY,New York
Others, PA,Bala Cynwyd
Data Scientist, GA,Atlanta
Data Engineer, NC,Raleigh
Data Scientist, CA,Emeryville
Others, MO,Columbia
Data Scientist, IL,Chicago
Data Scientist, VA,Herndon
Data Engineer, TX,Austin
Data Engineer, VA,Richmond
Others, NY,New York
Data Scientist, WA,Bothell
Data Scientist, CA,San Francisco
Data Scientist, TN,Memphis
Data Scientist, CA,Oakland
Data Scientist, CA,Lancaster
Data Scientist, VA,McLean
Data Analyst, VA,Arlington
Data Scientist, MD,Laurel
Data Analyst, CA,Union City
Data Scientist, CA,Culver City
Data Scientist, MD,Laurel
Data Analyst, VA,Vienna
Data Scientist, NY,New York
Others, PA,Bala Cynwyd
Data Scientist, GA,Atlanta
Data Engineer, NC,Raleigh
Data Scientist, CA,Emeryville
Others, MO,Columbia
Data Scientist, IL,Chicago
Data Scientist, VA,Herndon
Data Engineer, TX,Austin
Data Engineer, VA,Richmond
Others, NY,New York
Data Scientist, WA,Bothell
Data Scientist, CA,San Francisco
Data Scientist, TN,Memphis
Data Scientist, CA,Oakland
Data Scientist, CA,Lancaster
Data Scientist, VA,McLean
Data Analyst, VA,Arlington
Data Scientist, MD,Laurel
Data Analyst, CA,Union City
Data Scientist, CA,Culver City
Data Scientist, MD,Laurel
Data Analyst, VA,Vienna
Data Scientist, NY,New York
Others, PA,Bala Cynwyd
Data Scientist, GA,Atlanta
Data Engineer, NC,Raleigh
Data Scientist, CA,Emeryville
Others, MO,Columbia
Data Scientist, IL,Chicago
Data Scientist, VA,Herndon
Data Engineer, TX,Austin
Data Engineer, VA,Richmond
Others, NY,New York
Data Scientist, WA,Bothell
Data Scientist, CA,San Francisco
Data Scientist, TN,Memphis
Data Scientist, CA,Oakland
Data Scientist, CA,Lancaster
Data Scientist, VA,McLean
Data Analyst, VA,Arlington
Data Scientist, MD,Laurel
Data Analyst, CA,Union City
Data Scientist, CA,Culver City
Data Scientist, MD,Laurel
Data Analyst, VA,Vienna
Data Scientist, NY,New York
Others, PA,Bala Cynwyd
Data Scientist, GA,Atlanta
Data Engineer, NC,Raleigh
Data Scientist, CA,Emeryville
Others, MO,Columbia
Data Scientist, IL,Chicago
Data Scientist, VA,Herndon
Data Engineer, TX,Austin
Data Engineer, VA,Richmond
Others, NY,New York
Data Scientist, WA,Bothell
Data Scientist, CA,San Francisco
Data Scientist, TN,Memphis
Data Scientist, CA,Oakland
Data Scientist, CA,Lancaster
Data Scientist, VA,McLean
Data Analyst, VA,Arlington
Data Scientist, MD,Laurel
Data Analyst, CA,Union City
Data Scientist, CA,Culver City
Data Scientist, MD,Laurel
Data Analyst, VA,Vienna
Data Scientist, NY,New York
Others, PA,Bala Cynwyd
Data Scientist, GA,Atlanta
Data Engineer, NC,Raleigh
Data Scientist, CA,Emeryville
Others, MO,Columbia
Data Scientist, IL,Chicago
Data Scientist, VA,Herndon
Data Engineer, TX,Austin
Data Engineer, VA,Richmond
Others, NY,New York
Data Scientist, WA,Bothell
Data Scientist, CA,San Francisco
Data Scientist, TN,Memphis
Data Scientist, CA,Oakland
Data Scientist, CA,Lancaster
Data Scientist, VA,McLean
Data Analyst, VA,Arlington
Data Scientist, MD,Laurel
Data Analyst, CA,Union City
Data Scientist, CA,Culver City
Data Scientist, MD,Laurel
Data Analyst, VA,Vienna
Data Scientist, NY,New York
Others, PA,Bala Cynwyd
Data Scientist, GA,Atlanta
Data Engineer, NC,Raleigh
Data Scientist, CA,Emeryville
Others, MO,Columbia
Data Scientist, IL,Chicago
Data Scientist, VA,Herndon
Data Engineer, TX,Austin
Data Engineer, VA,Richmond
Others, NY,New York
Data Scientist, WA,Bothell
Data Scientist, CA,San Francisco
Data Scientist, TN,Memphis
Data Scientist, CA,Oakland
Data Scientist, CA,Lancaster
Data Scientist, VA,McLean
Data Analyst, VA,Arlington
Data Scientist, MD,Laurel
Data Analyst, CA,Union City
Data Scientist, CA,Culver City
Data Scientist, MD,Laurel
Data Analyst, VA,Vienna
Data Scientist, NY,New York
Others, PA,Bala Cynwyd
Data Scientist, GA,Atlanta
Data Engineer, NC,Raleigh
Data Scientist, CA,Emeryville
Others, MO,Columbia
Data Scientist, IL,Chicago
Data Scientist, VA,Herndon
Data Engineer, TX,Austin
Data Engineer, VA,Richmond
Others, NY,New York
Data Scientist, WA,Bothell
Data Scientist, CA,San Francisco
Data Scientist, TN,Memphis
Data Scientist, CA,Oakland
Data Scientist, CA,Lancaster
Data Scientist, VA,McLean
Data Analyst, VA,Arlington
Data Scientist, MD,Laurel
Data Analyst, CA,Union City
Data Scientist, CA,Culver City
Data Scientist, MD,Laurel
Data Analyst, VA,Vienna
Data Scientist, NY,New York
Others, PA,Bala Cynwyd
Data Scientist, GA,Atlanta
Data Engineer, NC,Raleigh
Data Scientist, CA,Emeryville
Others, MO,Columbia
Data Scientist, IL,Chicago
Data Scientist, VA,Herndon
Data Engineer, TX,Austin
Data Engineer, VA,Richmond
Others, NY,New York
Data Scientist, WA,Bothell
Data Scientist, CA,San Francisco
Data Scientist, TN,Memphis
Data Scientist, CA,Oakland
Data Scientist, CA,Lancaster
Data Scientist, VA,McLean
Data Analyst, VA,Arlington
Data Scientist, MD,Laurel
Data Analyst, CA,Union City
Data Scientist, CA,Culver City
Data Scientist, MD,Laurel
Data Analyst, VA,Vienna
Data Scientist, NY,New York
Others, PA,Bala Cynwyd
Data Scientist, GA,Atlanta
Data Engineer, NC,Raleigh
Data Scientist, CA,Emeryville
Others, MO,Columbia
Data Scientist, IL,Chicago
Data Scientist, VA,Herndon
Data Engineer, TX,Austin
Data Engineer, VA,Richmond
Others, NY,New York
Data Scientist, WA,Bothell
Data Scientist, CA,San Francisco
Data Scientist, TN,Memphis
Data Scientist, CA,Oakland
Data Scientist, CA,Lancaster
Data Scientist, VA,McLean
Data Analyst, VA,Arlington
Data Scientist, MD,Laurel
Data Analyst, CA,Union City
Data Scientist, CA,Culver City
Data Scientist, MD,Laurel
Data Analyst, VA,Vienna
Data Scientist, NY,New York
Others, PA,Bala Cynwyd
Data Scientist, GA,Atlanta
Data Engineer, NC,Raleigh
Data Scientist, CA,Emeryville
Others, MO,Columbia
Data Scientist, IL,Chicago
Data Scientist, VA,Herndon
Data Engineer, TX,Austin
Data Engineer, VA,Richmond
Others, NY,New York
Data Scientist, WA,Bothell
Data Scientist, CA,San Francisco
Data Scientist, TN,Memphis
Data Scientist, CA,Oakland
Data Scientist, CA,Lancaster
Data Scientist, VA,McLean
Data Analyst, VA,Arlington
Data Scientist, MD,Laurel
Data Analyst, CA,Union City
Data Scientist, CA,Culver City
Data Scientist, MD,Laurel
Data Analyst, VA,Vienna
Data Scientist, NY,New York
Others, PA,Bala Cynwyd
Data Scientist, GA,Atlanta
Data Engineer, NC,Raleigh
Data Scientist, CA,Emeryville
Others, MO,Columbia
Data Scientist, IL,Chicago
Data Scientist, VA,Herndon
Data Engineer, TX,Austin
Data Engineer, VA,Richmond
Others, NY,New York
Data Scientist, WA,Bothell
Data Scientist, CA,San Francisco
Data Scientist, TN,Memphis
Data Scientist, CA,Oakland
Data Scientist, CA,Lancaster
Data Scientist, VA,McLean
Data Analyst, VA,Arlington
Data Scientist, MD,Laurel
Data Analyst, CA,Union City
Data Scientist, CA,Culver City
Data Scientist, MD,Laurel
Data Analyst, VA,Vienna
Data Scientist, NY,New York
Others, PA,Bala Cynwyd
Data Scientist, GA,Atlanta
Data Engineer, NC,Raleigh
Data Scientist, CA,Emeryville
Others, MO,Columbia
Data Scientist, IL,Chicago
Data Scientist, VA,Herndon
Data Engineer, TX,Austin
Data Engineer, VA,Richmond
Others, NY,New York
Data Scientist, WA,Bothell
Data Scientist, CA,San Francisco
Data Scientist, TN,Memphis
Data Scientist, CA,Oakland
Data Scientist, CA,Lancaster
Data Scientist, VA,McLean
Data Analyst, VA,Arlington
Data Scientist, MD,Laurel
Data Analyst, CA,Union City
Data Scientist, CA,Culver City
Data Scientist, MD,Laurel
Data Analyst, VA,Vienna
Data Scientist, NY,New York
Others, PA,Bala Cynwyd
Data Scientist, GA,Atlanta
Data Engineer, NC,Raleigh
Data Scientist, CA,Emeryville
Others, MO,Columbia
Data Scientist, IL,Chicago
Data Scientist, VA,Herndon
Data Engineer, TX,Austin
Data Engineer, VA,Richmond
Others, NY,New York
Data Scientist, WA,Bothell
Data Scientist, CA,San Francisco
Data Scientist, TN,Memphis
Data Scientist, CA,Oakland
Data Scientist, CA,Lancaster
Data Scientist, VA,McLean
Data Analyst, VA,Arlington
Data Scientist, MD,Laurel
Data Analyst, CA,Union City
Data Scientist, CA,Culver City
Data Scientist, MD,Laurel
Data Analyst, VA,Vienna
Data Scientist, NY,New York
Others, PA,Bala Cynwyd
Data Scientist, GA,Atlanta
Data Engineer, NC,Raleigh
Data Scientist, CA,Emeryville
Others, MO,Columbia
Data Scientist, IL,Chicago
Data Scientist, VA,Herndon
Data Engineer, TX,Austin
Data Engineer, VA,Richmond
Others, NY,New York
Data Scientist, WA,Bothell
Data Scientist, CA,San Francisco
Data Scientist, TN,Memphis
Data Scientist, CA,Oakland
Data Scientist, CA,Lancaster
Data Scientist, VA,McLean
Data Analyst, VA,Arlington
Data Scientist, MD,Laurel
Data Analyst, CA,Union City
Data Scientist, CA,Culver City
Data Scientist, MD,Laurel
Data Analyst, VA,Vienna
Data Scientist, NY,New York
Others, PA,Bala Cynwyd
Data Scientist, GA,Atlanta
Data Engineer, NC,Raleigh
Data Scientist, CA,Emeryville
Others, MO,Columbia
Data Scientist, IL,Chicago
Data Scientist, VA,Herndon
Data Engineer, TX,Austin
Data Engineer, VA,Richmond
Others, NY,New York
Data Scientist, WA,Bothell
Data Scientist, CA,San Francisco
Data Scientist, TN,Memphis
Data Scientist, CA,Oakland
Data Scientist, CA,Lancaster
Data Scientist, VA,McLean
Data Analyst, VA,Arlington
Data Scientist, MD,Laurel
Data Analyst, CA,Union City
Data Scientist, CA,Culver City
Data Scientist, MD,Laurel
Data Analyst, VA,Vienna
Data Scientist, NY,New York
Others, PA,Bala Cynwyd
Data Scientist, GA,Atlanta
Data Engineer, NC,Raleigh
Data Scientist, CA,Emeryville
Others, MO,Columbia
Data Scientist, IL,Chicago
Data Scientist, VA,Herndon
Data Engineer, TX,Austin
Data Engineer, VA,Richmond
Others, NY,New York
Data Scientist, WA,Bothell
Data Scientist, CA,San Francisco
Data Scientist, TN,Memphis
Data Scientist, CA,Oakland
Data Scientist, CA,Lancaster
Data Scientist, VA,McLean
Data Analyst, VA,Arlington
Data Scientist, MD,Laurel
Data Analyst, CA,Union City
Data Scientist, CA,Culver City
Data Scientist, MD,Laurel
Data Analyst, VA,Vienna
Data Scientist, NY,New York
Others, PA,Bala Cynwyd
Data Scientist, GA,Atlanta
Data Engineer, NC,Raleigh
Data Scientist, CA,Emeryville
Others, MO,Columbia
Data Scientist, IL,Chicago
Data Scientist, VA,Herndon
Data Engineer, TX,Austin
Data Engineer, VA,Richmond
Others, NY,New York
Data Scientist, WA,Bothell
Data Scientist, CA,San Francisco
Data Scientist, TN,Memphis
Data Scientist, CA,Oakland
Data Scientist, CA,Lancaster
Data Scientist, VA,McLean
Data Analyst, VA,Arlington
Data Scientist, MD,Laurel
Data Analyst, CA,Union City
Data Scientist, CA,Culver City
Data Scientist, MD,Laurel
Data Analyst, VA,Vienna
Data Scientist, NY,New York
Others, PA,Bala Cynwyd
Data Scientist, GA,Atlanta
Data Engineer, NC,Raleigh
Data Scientist, CA,Emeryville
Others, MO,Columbia
Data Scientist, IL,Chicago
Data Scientist, VA,Herndon
Data Engineer, TX,Austin
Data Engineer, VA,Richmond
Others, NY,New York
Data Scientist, WA,Bothell
Data Scientist, CA,San Francisco
Data Scientist, TN,Memphis
Data Scientist, CA,Oakland
Data Scientist, CA,Lancaster
Data Scientist, VA,McLean
Data Analyst, VA,Arlington
Data Scientist, MD,Laurel
Data Analyst, CA,Union City
Data Scientist, CA,Culver City
Data Scientist, MD,Laurel
Data Analyst, VA,Vienna
Data Scientist, NY,New York
Others, PA,Bala Cynwyd
Data Scientist, GA,Atlanta
Data Engineer, NC,Raleigh
Data Scientist, CA,Emeryville
Others, MO,Columbia
Data Scientist, IL,Chicago
Data Scientist, VA,Herndon
Data Engineer, TX,Austin
Data Engineer, VA,Richmond
Others, NY,New York
Data Scientist, WA,Bothell
Data Scientist, CA,San Francisco
Data Scientist, TN,Memphis
Data Scientist, CA,Oakland
Data Scientist, CA,Lancaster
Data Scientist, VA,McLean
Data Analyst, VA,Arlington
Data Scientist, MD,Laurel
Data Analyst, CA,Union City
Data Scientist, CA,Culver City
Data Scientist, MD,Laurel
Data Analyst, VA,Vienna
Data Scientist, NY,New York
Others, PA,Bala Cynwyd
Data Scientist, GA,Atlanta
Data Engineer, NC,Raleigh
Data Scientist, CA,Emeryville
Others, MO,Columbia
Data Scientist, IL,Chicago
Data Scientist, VA,Herndon
Data Engineer, TX,Austin
Data Engineer, VA,Richmond
Others, NY,New York
Data Scientist, WA,Bothell
Data Scientist, CA,San Francisco
Data Scientist, TN,Memphis
Data Scientist, CA,Oakland
Data Scientist, CA,Lancaster
Data Scientist, VA,McLean
Data Analyst, VA,Arlington
Data Scientist, MD,Laurel
Data Analyst, CA,Union City
Data Scientist, CA,Culver City
Data Scientist, MD,Laurel
Data Analyst, VA,Vienna
Data Scientist, NY,New York
Others, PA,Bala Cynwyd
Data Scientist, GA,Atlanta
Data Engineer, NC,Raleigh
Data Scientist, CA,Emeryville
Others, MO,Columbia
Data Scientist, IL,Chicago
Data Scientist, VA,Herndon
Data Engineer, TX,Austin
Data Engineer, VA,Richmond
Others, NY,New York
Data Scientist, WA,Bothell
Data Scientist, CA,San Francisco
Data Scientist, TN,Memphis
Data Scientist, CA,Oakland
Data Scientist, CA,Lancaster
Data Scientist, VA,McLean
Data Analyst, VA,Arlington
Data Scientist, MD,Laurel
Data Analyst, CA,Union City
Data Scientist, CA,Culver City
Data Scientist, MD,Laurel
Data Analyst, VA,Vienna
Data Scientist, NY,New York
Others, PA,Bala Cynwyd
Data Scientist, GA,Atlanta
Data Engineer, NC,Raleigh
Data Scientist, CA,Emeryville
Others, MO,Columbia
Data Scientist, IL,Chicago
Data Scientist, VA,Herndon
Data Engineer, TX,Austin
Data Engineer, VA,Richmond
Others, NY,New York
Data Scientist, WA,Bothell
Data Scientist, CA,San Francisco
Data Scientist, TN,Memphis
Data Scientist, CA,Oakland
Data Scientist, CA,Lancaster
Data Scientist, VA,McLean
Data Analyst, VA,Arlington
Data Scientist, MD,Laurel
Data Analyst, CA,Union City
Data Scientist, CA,Culver City
Data Scientist, MD,Laurel
Data Analyst, VA,Vienna
Data Scientist, NY,New York
Others, PA,Bala Cynwyd
Data Scientist, GA,Atlanta
Data Engineer, NC,Raleigh
Data Scientist, CA,Emeryville
Others, MO,Columbia
Data Scientist, IL,Chicago
Data Scientist, VA,Herndon
Data Engineer, TX,Austin
Data Engineer, VA,Richmond
Others, NY,New York
Data Scientist, WA,Bothell
Data Scientist, CA,San Francisco
Data Scientist, TN,Memphis
Data Scientist, CA,Oakland
Data Scientist, CA,Lancaster
Data Scientist, VA,McLean
Data Analyst, VA,Arlington
Data Scientist, MD,Laurel
Data Analyst, CA,Union City
Data Scientist, CA,Culver City
Data Scientist, MD,Laurel
Data Analyst, VA,Vienna
Data Scientist, NY,New York
Others, PA,Bala Cynwyd
Data Scientist, GA,Atlanta
Data Engineer, NC,Raleigh
Data Scientist, CA,Emeryville
Others, MO,Columbia
Data Scientist, IL,Chicago
Data Scientist, VA,Herndon
Data Engineer, TX,Austin
Data Engineer, VA,Richmond
Others, NY,New York
Data Scientist, WA,Bothell
Data Scientist, CA,San Francisco
Data Scientist, TN,Memphis
Data Scientist, CA,Oakland
Data Scientist, CA,Lancaster
Data Scientist, VA,McLean
Data Analyst, VA,Arlington
Data Scientist, MD,Laurel
Data Analyst, CA,Union City
Data Scientist, CA,Culver City
Data Scientist, MD,Laurel
Data Analyst, VA,Vienna
Data Scientist, NY,New York
Others, PA,Bala Cynwyd
Data Scientist, GA,Atlanta
Data Engineer, NC,Raleigh
Data Scientist, CA,Emeryville
Others, MO,Columbia
Data Scientist, IL,Chicago
Data Scientist, VA,Herndon
Data Engineer, TX,Austin
Data Engineer, VA,Richmond
Others, NY,New York
Data Scientist, WA,Bothell
Data Scientist, CA,San Francisco
Data Scientist, TN,Memphis
Data Scientist, CA,Oakland
Data Scientist, CA,Lancaster
Data Scientist, VA,McLean
Data Analyst, VA,Arlington
Data Scientist, MD,Laurel
Data Analyst, CA,Union City
Data Scientist, CA,Culver City
Data Scientist, MD,Laurel
Data Analyst, VA,Vienna
Data Scientist, NY,New York
Others, PA,Bala Cynwyd
Data Scientist, GA,Atlanta
Data Engineer, NC,Raleigh
Data Scientist, CA,Emeryville
Others, MO,Columbia
Data Scientist, IL,Chicago
Data Scientist, VA,Herndon
Data Engineer, TX,Austin
Data Engineer, VA,Richmond
Others, NY,New York
Data Scientist, WA,Bothell
Data Scientist, CA,San Francisco
Data Scientist, TN,Memphis
Data Scientist, CA,Oakland
Data Scientist, CA,Lancaster
Data Scientist, VA,McLean
Data Analyst, VA,Arlington
Data Scientist, MD,Laurel
Data Analyst, CA,Union City
Data Scientist, CA,Culver City
Data Scientist, MD,Laurel
Data Analyst, VA,Vienna
Data Scientist, NY,New York
Others, PA,Bala Cynwyd
Data Scientist, GA,Atlanta
Data Engineer, NC,Raleigh
Data Scientist, CA,Emeryville
Others, MO,Columbia
Data Scientist, IL,Chicago
Data Scientist, VA,Herndon
Data Engineer, TX,Austin
Data Engineer, VA,Richmond
Others, NY,New York
Data Scientist, WA,Bothell
Data Scientist, CA,San Francisco
Data Scientist, TN,Memphis
Data Scientist, CA,Oakland
Data Scientist, CA,Lancaster
Data Scientist, VA,McLean
Data Analyst, VA,Arlington
Data Scientist, MD,Laurel
Data Analyst, CA,Union City
Data Scientist, CA,Culver City
Data Scientist, MD,Laurel
Data Analyst, VA,Vienna
Data Scientist, NY,New York
Others, PA,Bala Cynwyd
Data Scientist, GA,Atlanta
Data Engineer, NC,Raleigh
Data Scientist, CA,Emeryville
Others, MO,Columbia
Data Scientist, IL,Chicago
Data Scientist, VA,Herndon
Data Engineer, TX,Austin
Data Engineer, VA,Richmond
Others, NY,New York
Data Scientist, WA,Bothell
Data Scientist, CA,San Francisco
Data Scientist, TN,Memphis
Data Scientist, CA,Oakland
Data Scientist, CA,Lancaster
Data Scientist, VA,McLean
Data Analyst, VA,Arlington
Data Scientist, MD,Laurel
Data Analyst, CA,Union City
Data Scientist, CA,Culver City
Data Scientist, MD,Laurel
Data Analyst, VA,Vienna
Data Scientist, NY,New York
Others, PA,Bala Cynwyd
Data Scientist, GA,Atlanta
Data Engineer, NC,Raleigh
Data Scientist, CA,Emeryville
Others, MO,Columbia
Data Scientist, IL,Chicago
Data Scientist, VA,Herndon
Data Engineer, TX,Austin
Data Engineer, VA,Richmond
Others, NY,New York
Data Scientist, WA,Bothell
Data Scientist, CA,San Francisco
Data Scientist, TN,Memphis
Data Scientist, CA,Oakland
Data Scientist, CA,Lancaster
Data Scientist, VA,McLean
Data Analyst, VA,Arlington
Data Scientist, MD,Laurel
Data Analyst, CA,Union City
Data Scientist, CA,Culver City
Data Scientist, MD,Laurel
Data Analyst, VA,Vienna
Data Scientist, NY,New York
Others, PA,Bala Cynwyd
Data Scientist, GA,Atlanta
Data Engineer, NC,Raleigh
Data Scientist, CA,Emeryville
Others, MO,Columbia
Data Scientist, IL,Chicago
Data Scientist, VA,Herndon
Data Engineer, TX,Austin
Data Engineer, VA,Richmond
Others, NY,New York
Data Scientist, WA,Bothell
Data Scientist, CA,San Francisco
Data Scientist, TN,Memphis
Data Scientist, CA,Oakland
Data Scientist, CA,Lancaster
Data Scientist, VA,McLean
Data Analyst, VA,Arlington
Data Scientist, MD,Laurel
Data Analyst, CA,Union City
Data Scientist, CA,Culver City
Data Scientist, MD,Laurel
Data Analyst, VA,Vienna
Data Scientist, NY,New York
Others, PA,Bala Cynwyd
Data Scientist, GA,Atlanta
Data Engineer, NC,Raleigh
Data Scientist, CA,Emeryville
Others, MO,Columbia
Data Scientist, IL,Chicago
Data Scientist, VA,Herndon
Data Engineer, TX,Austin
Data Engineer, VA,Richmond
Others, NY,New York
Data Scientist, WA,Bothell
Data Scientist, CA,San Francisco
Data Scientist, TN,Memphis
Data Scientist, CA,Oakland
Data Scientist, CA,Lancaster
Data Scientist, VA,McLean
Data Analyst, VA,Arlington
Data Scientist, MD,Laurel
Data Analyst, CA,Union City
Data Scientist, CA,Culver City
Data Scientist, MD,Laurel
Data Analyst, VA,Vienna
Data Scientist, NY,New York
Others, PA,Bala Cynwyd
Data Scientist, GA,Atlanta
Data Engineer, NC,Raleigh
Data Scientist, CA,Emeryville
Others, MO,Columbia
Data Scientist, IL,Chicago
Data Scientist, VA,Herndon
Data Engineer, TX,Austin
Data Engineer, VA,Richmond
Others, NY,New York
Data Scientist, WA,Bothell
Data Scientist, CA,San Francisco
Data Scientist, TN,Memphis
Data Scientist, CA,Oakland
Data Scientist, CA,Lancaster
Data Scientist, VA,McLean
Data Analyst, VA,Arlington
Data Scientist, MD,Laurel
Data Analyst, CA,Union City
Data Scientist, CA,Culver City
Data Scientist, MD,Laurel
Data Analyst, VA,Vienna
Data Scientist, NY,New York
Others, PA,Bala Cynwyd
Data Scientist, GA,Atlanta
Data Engineer, NC,Raleigh
Data Scientist, CA,Emeryville
Others, MO,Columbia
Data Scientist, IL,Chicago
Data Scientist, VA,Herndon
Data Engineer, TX,Austin
Data Engineer, VA,Richmond
Others, NY,New York
Data Scientist, WA,Bothell
Data Scientist, CA,San Francisco
Data Scientist, TN,Memphis
Data Scientist, CA,Oakland
Data Scientist, CA,Lancaster
Data Scientist, VA,McLean
Data Analyst, VA,Arlington
Data Scientist, MD,Laurel
Data Analyst, CA,Union City
Data Scientist, CA,Culver City
Data Scientist, MD,Laurel
Data Analyst, VA,Vienna
Data Scientist, NY,New York
Others, PA,Bala Cynwyd
Data Scientist, GA,Atlanta
Data Engineer, NC,Raleigh
Data Scientist, CA,Emeryville
Others, MO,Columbia
Data Scientist, IL,Chicago
Data Scientist, VA,Herndon
Data Engineer, TX,Austin
Data Engineer, VA,Richmond
Others, NY,New York
Data Scientist, WA,Bothell
Data Scientist, CA,San Francisco
Data Scientist, TN,Memphis
Data Scientist, CA,Oakland
Data Scientist, CA,Lancaster
Data Scientist, VA,McLean
Data Analyst, VA,Arlington
Data Scientist, MD,Laurel
Data Analyst, CA,Union City
Data Scientist, CA,Culver City
Data Scientist, MD,Laurel
Data Analyst, VA,Vienna
Data Scientist, NY,New York
Others, PA,Bala Cynwyd
Data Scientist, GA,Atlanta
Data Engineer, NC,Raleigh
Data Scientist, CA,Emeryville
Others, MO,Columbia
Data Scientist, IL,Chicago
Data Scientist, VA,Herndon
Data Engineer, TX,Austin
Data Engineer, VA,Richmond
Others, NY,New York
Data Scientist, WA,Bothell
Data Scientist, CA,San Francisco
Data Scientist, TN,Memphis
Data Scientist, CA,Oakland
Data Scientist, CA,Lancaster
Data Scientist, VA,McLean
Data Analyst, VA,Arlington
Data Scientist, MD,Laurel
Data Analyst, CA,Union City
Data Scientist, CA,Culver City
Data Scientist, MD,Laurel
Data Analyst, VA,Vienna
Data Scientist, NY,New York
Others, PA,Bala Cynwyd
Data Scientist, GA,Atlanta
Data Engineer, NC,Raleigh
Data Scientist, CA,Emeryville
Others, MO,Columbia
Data Scientist, IL,Chicago
Data Scientist, VA,Herndon
Data Engineer, TX,Austin
Data Engineer, VA,Richmond
Others, NY,New York
Data Scientist, WA,Bothell
Data Scientist, CA,San Francisco
Data Scientist, TN,Memphis
Data Scientist, CA,Oakland
Data Scientist, CA,Lancaster
Data Scientist, VA,McLean
Data Analyst, VA,Arlington
Data Scientist, MD,Laurel
Data Analyst, CA,Union City
Data Scientist, CA,Culver City
Data Scientist, MD,Laurel
Data Analyst, VA,Vienna
Data Scientist, NY,New York
Others, PA,Bala Cynwyd
Data Scientist, GA,Atlanta
Data Engineer, NC,Raleigh
Data Scientist, CA,Emeryville
Others, MO,Columbia
Data Scientist, IL,Chicago
Data Scientist, VA,Herndon
Data Engineer, TX,Austin
Data Engineer, VA,Richmond
Others, NY,New York
Data Scientist, WA,Bothell
Data Scientist, CA,San Francisco
Data Scientist, TN,Memphis
Data Scientist, CA,Oakland
Data Scientist, CA,Lancaster
Data Scientist, VA,McLean
Data Analyst, VA,Arlington
Data Scientist, MD,Laurel
Data Analyst, CA,Union City
Data Scientist, CA,Culver City
Data Scientist, MD,Laurel
Data Analyst, VA,Vienna
Data Scientist, NY,New York
Others, PA,Bala Cynwyd
Data Scientist, GA,Atlanta
Data Engineer, NC,Raleigh
Data Scientist, CA,Emeryville
Others, MO,Columbia
Data Scientist, IL,Chicago
Data Scientist, VA,Herndon
Data Engineer, TX,Austin
Data Engineer, VA,Richmond
Others, NY,New York
Data Scientist, WA,Bothell
Data Scientist, CA,San Francisco
Data Scientist, TN,Memphis
Data Scientist, CA,Oakland
Data Scientist, CA,Lancaster
Data Scientist, VA,McLean
Data Analyst, VA,Arlington
Data Scientist, MD,Laurel
Data Analyst, CA,Union City
Data Scientist, CA,Culver City
Data Scientist, MD,Laurel
Data Analyst, VA,Vienna
Data Scientist, NY,New York
Others, PA,Bala Cynwyd
Data Scientist, GA,Atlanta
Data Engineer, NC,Raleigh
Data Scientist, CA,Emeryville
Others, MO,Columbia
Data Scientist, IL,Chicago
Data Scientist, VA,Herndon
Data Engineer, TX,Austin
Data Engineer, VA,Richmond
Others, NY,New York
Data Scientist, WA,Bothell
Data Scientist, CA,San Francisco
Data Scientist, TN,Memphis
Data Scientist, CA,Oakland
Data Scientist, CA,Lancaster
Data Scientist, VA,McLean
Data Analyst, VA,Arlington
Data Scientist, MD,Laurel
Data Analyst, CA,Union City
Data Scientist, CA,Culver City
Data Scientist, MD,Laurel
Data Analyst, VA,Vienna
Data Scientist, NY,New York
Others, PA,Bala Cynwyd
Data Scientist, GA,Atlanta
Data Engineer, NC,Raleigh
Data Scientist, CA,Emeryville
Others, MO,Columbia
Data Scientist, IL,Chicago
Data Scientist, VA,Herndon
Data Engineer, TX,Austin
Data Engineer, VA,Richmond
Others, NY,New York
Data Scientist, WA,Bothell
Data Scientist, CA,San Francisco
Data Scientist, TN,Memphis
Data Scientist, CA,Oakland
Data Scientist, CA,Lancaster
Data Scientist, VA,McLean
Data Analyst, VA,Arlington
Data Scientist, MD,Laurel
Data Analyst, CA,Union City
Data Scientist, CA,Culver City
Data Scientist, MD,Laurel
Data Analyst, VA,Vienna
Data Scientist, NY,New York
Others, PA,Bala Cynwyd
Data Scientist, GA,Atlanta
Data Engineer, NC,Raleigh
Data Scientist, CA,Emeryville
Others, MO,Columbia
Data Scientist, IL,Chicago
Data Scientist, VA,Herndon
Data Engineer, TX,Austin
Data Engineer, VA,Richmond
Others, NY,New York
Data Scientist, WA,Bothell
Data Scientist, CA,San Francisco
Data Scientist, TN,Memphis
Data Scientist, CA,Oakland
Data Scientist, CA,Lancaster
Data Scientist, VA,McLean
Data Analyst, VA,Arlington
Data Scientist, MD,Laurel
Data Analyst, CA,Union City
Data Scientist, CA,Culver City
Data Scientist, MD,Laurel
Data Analyst, VA,Vienna
Data Scientist, NY,New York
Others, PA,Bala Cynwyd
Data Scientist, GA,Atlanta
Data Engineer, NC,Raleigh
Data Scientist, CA,Emeryville
Others, MO,Columbia
Data Scientist, IL,Chicago
Data Scientist, VA,Herndon
Data Engineer, TX,Austin
Data Engineer, VA,Richmond
Others, NY,New York
Data Scientist, WA,Bothell
Data Scientist, CA,San Francisco
Data Scientist, TN,Memphis
Data Scientist, CA,Oakland
Data Scientist, CA,Lancaster
Data Scientist, VA,McLean
Data Analyst, VA,Arlington
Data Scientist, MD,Laurel
Data Analyst, CA,Union City
Data Scientist, CA,Culver City
Data Scientist, MD,Laurel
Data Analyst, VA,Vienna
Data Scientist, NY,New York
Others, PA,Bala Cynwyd
Data Scientist, GA,Atlanta
Data Engineer, NC,Raleigh
Data Scientist, CA,Emeryville
Others, MO,Columbia
Data Scientist, IL,Chicago
Data Scientist, VA,Herndon
Data Engineer, TX,Austin
Data Engineer, VA,Richmond
Others, NY,New York
Data Scientist, WA,Bothell
Data Scientist, CA,San Francisco
Data Scientist, TN,Memphis
Data Scientist, CA,Oakland
Data Scientist, CA,Lancaster
Data Scientist, VA,McLean
Data Analyst, VA,Arlington
Data Scientist, MD,Laurel
Data Analyst, CA,Union City
Data Scientist, CA,Culver City
Data Scientist, MD,Laurel
Data Analyst, VA,Vienna
Data Scientist, NY,New York
Others, PA,Bala Cynwyd
Data Scientist, GA,Atlanta
Data Engineer, NC,Raleigh
Data Scientist, CA,Emeryville
Others, MO,Columbia
Data Scientist, IL,Chicago
Data Scientist, VA,Herndon
Data Engineer, TX,Austin
Data Engineer, VA,Richmond
Others, NY,New York
Data Scientist, WA,Bothell
Data Scientist, CA,San Francisco
Data Scientist, TN,Memphis
Data Scientist, CA,Oakland
Data Scientist, CA,Lancaster
Data Scientist, VA,McLean
Data Analyst, VA,Arlington
Data Scientist, MD,Laurel
Data Analyst, CA,Union City
Data Scientist, CA,Culver City
Data Scientist, MD,Laurel
Data Analyst, VA,Vienna
Data Scientist, NY,New York
Others, PA,Bala Cynwyd
Data Scientist, GA,Atlanta
Data Engineer, NC,Raleigh
Data Scientist, CA,Emeryville
Others, MO,Columbia
Data Scientist, IL,Chicago
Data Scientist, VA,Herndon
Data Engineer, TX,Austin
Data Engineer, VA,Richmond
Others, NY,New York
Data Scientist, WA,Bothell
Data Scientist, CA,San Francisco
Data Scientist, TN,Memphis
Data Scientist, CA,Oakland
Data Scientist, CA,Lancaster
Data Scientist, VA,McLean
Data Analyst, VA,Arlington
Data Scientist, MD,Laurel
Data Analyst, CA,Union City
Data Scientist, CA,Culver City
Data Scientist, MD,Laurel
Data Analyst, VA,Vienna
Data Scientist, NY,New York
Others, PA,Bala Cynwyd
Data Scientist, GA,Atlanta
Data Engineer, NC,Raleigh
Data Scientist, CA,Emeryville
Others, MO,Columbia
Data Scientist, IL,Chicago
Data Scientist, VA,Herndon
Data Engineer, TX,Austin
Data Engineer, VA,Richmond
Others, NY,New York
Data Scientist, WA,Bothell
Data Scientist, CA,San Francisco
Data Scientist, TN,Memphis
Data Scientist, CA,Oakland
Data Scientist, CA,Lancaster
Data Scientist, VA,McLean
Data Analyst, VA,Arlington
Data Scientist, MD,Laurel
Data Analyst, CA,Union City
Data Scientist, CA,Culver City
Data Scientist, MD,Laurel
Data Analyst, VA,Vienna
Data Scientist, NY,New York
Others, PA,Bala Cynwyd
Data Scientist, GA,Atlanta
Data Engineer, NC,Raleigh
Data Scientist, CA,Emeryville
Others, MO,Columbia
Data Scientist, IL,Chicago
Data Scientist, VA,Herndon
Data Engineer, TX,Austin
Data Engineer, VA,Richmond
Others, NY,New York
Data Scientist, WA,Bothell
Data Scientist, CA,San Francisco
Data Scientist, TN,Memphis
Data Scientist, CA,Oakland
Data Scientist, CA,Lancaster
Data Scientist, VA,McLean
Data Analyst, VA,Arlington
Data Scientist, MD,Laurel
Data Analyst, CA,Union City
Data Scientist, CA,Culver City
Data Scientist, MD,Laurel
Data Analyst, VA,Vienna
Data Scientist, NY,New York
Others, PA,Bala Cynwyd
Data Scientist, GA,Atlanta
Data Engineer, NC,Raleigh
Data Scientist, CA,Emeryville
Others, MO,Columbia
Data Scientist, IL,Chicago
Data Scientist, VA,Herndon
Data Engineer, TX,Austin
Data Engineer, VA,Richmond
Others, NY,New York
Data Scientist, WA,Bothell
Data Scientist, CA,San Francisco
Data Scientist, TN,Memphis
Data Scientist, CA,Oakland
Data Scientist, CA,Lancaster
Data Scientist, VA,McLean
Data Analyst, VA,Arlington
Data Scientist, MD,Laurel
Data Analyst, CA,Union City
Data Scientist, CA,Culver City
Data Scientist, MD,Laurel
Data Analyst, VA,Vienna
Data Scientist, NY,New York
Others, PA,Bala Cynwyd
Data Scientist, GA,Atlanta
Data Engineer, NC,Raleigh
Data Scientist, CA,Emeryville
Others, MO,Columbia
Data Scientist, IL,Chicago
Data Scientist, VA,Herndon
Data Engineer, TX,Austin
Data Engineer, VA,Richmond
Others, NY,New York
Data Scientist, WA,Bothell
Data Scientist, CA,San Francisco
Data Scientist, TN,Memphis
Data Scientist, CA,Oakland
Data Scientist, CA,Lancaster
Data Scientist, VA,McLean
Data Analyst, VA,Arlington
Data Scientist, MD,Laurel
Data Analyst, CA,Union City
Data Scientist, CA,Culver City
Data Scientist, MD,Laurel
Data Analyst, VA,Vienna
Data Scientist, NY,New York
Others, PA,Bala Cynwyd
Data Scientist, GA,Atlanta
Data Engineer, NC,Raleigh
Data Scientist, CA,Emeryville
Others, MO,Columbia
Data Scientist, IL,Chicago
Data Scientist, VA,Herndon
Data Engineer, TX,Austin
Data Engineer, VA,Richmond
Others, NY,New York
Data Scientist, WA,Bothell
Data Scientist, CA,San Francisco
Data Scientist, TN,Memphis
Data Scientist, CA,Oakland
Data Scientist, CA,Lancaster
Data Scientist, VA,McLean
Data Analyst, VA,Arlington
Data Scientist, MD,Laurel
Data Analyst, CA,Union City
Data Scientist, CA,Culver City
Data Scientist, MD,Laurel
Data Analyst, VA,Vienna
Data Scientist, NY,New York
Others, PA,Bala Cynwyd
Data Scientist, GA,Atlanta
Data Engineer, NC,Raleigh
Data Scientist, CA,Emeryville
Others, MO,Columbia
Data Scientist, IL,Chicago
Data Scientist, VA,Herndon
Data Engineer, TX,Austin
Data Engineer, VA,Richmond
Others, NY,New York
Data Scientist, WA,Bothell
Data Scientist, CA,San Francisco
Data Scientist, TN,Memphis
Data Scientist, CA,Oakland
Data Scientist, CA,Lancaster
Data Scientist, VA,McLean
Data Analyst, VA,Arlington
Data Scientist, MD,Laurel
Data Analyst, CA,Union City
Data Scientist, CA,Culver City
Data Scientist, MD,Laurel
Data Analyst, VA,Vienna
Data Scientist, NY,New York
Others, PA,Bala Cynwyd
Data Scientist, GA,Atlanta
Data Engineer, NC,Raleigh
Data Scientist, CA,Emeryville
Others, MO,Columbia
Data Scientist, IL,Chicago
Data Scientist, VA,Herndon
Data Engineer, TX,Austin
Data Engineer, VA,Richmond
Others, NY,New York
Data Scientist, WA,Bothell
Data Scientist, CA,San Francisco
Data Scientist, TN,Memphis
Data Scientist, CA,Oakland
Data Scientist, CA,Lancaster
Data Scientist, VA,McLean
Data Analyst, VA,Arlington
Data Scientist, MD,Laurel
Data Analyst, CA,Union City
Data Scientist, CA,Culver City
Data Scientist, MD,Laurel
Data Analyst, VA,Vienna
Data Scientist, NY,New York
Data Analyst, NJ,Paramus
Data Analyst, OH,Miamisburg
Data Analyst, VA,Smithfield
Data Analyst, IN,Indianapolis
Data Analyst, FL,Boca Raton
Data Analyst, WA,Yakima
Data Analyst, AL,Huntsville
Data Analyst, NC,Morrisville
Data Analyst, AZ,Tucson
Data Analyst, PA,Pittsburgh
Data Analyst, RI,Providence
Data Analyst, MD,Chevy Chase
Data Analyst, ID,Chubbuck
Data Analyst, IL,Moline
Data Analyst, AL,Birmingham
Data Analyst, NJ,Lyndhurst
Data Analyst, AZ,Chandler
Data Analyst, PA,Fort Washington
Data Analyst, CA,Mountain View
Data Analyst, NY,New York
Data Scientist, NY,New York
Data Analyst, MD,Timonium
Data Analyst, IA,West Des Moines
Data Analyst, NY,Rochester
Data Analyst, NJ,Ewing
Data Analyst, CO,Lakewood
Data Analyst, CA,San Francisco
Data Analyst, TX,Austin
Data Analyst, VA,Hampton
Data Analyst, DC,Washington
Data Analyst, IN,Indianapolis
Data Analyst, WI,Stratford
Data Analyst, OR,Portland
Data Analyst, FL,West Palm Beach
Data Analyst, NY,Rochester
Data Analyst, CA,Carpinteria
Data Analyst, WY,Cheyenne
Data Analyst, WI,Brookfield
Data Analyst, TN,Franklin
Data Analyst, TX,Austin
Data Analyst, AL,Huntsville
Data Analyst, IN,Carmel
Data Analyst, NJ,Jersey City
Data Analyst, IN,Indianapolis
Data Analyst, MA,Lakeville
Data Analyst, CT,Norwalk
Data Analyst, CA,San Mateo
Data Analyst, IL,Downers Grove
Data Analyst, MA,Waltham
Data Analyst, NY,New York
Data Analyst, NJ,Jersey City
Data Analyst, VA,Vienna
Data Analyst, AZ,Phoenix
Data Analyst, VA,Dulles
Data Analyst, VA,Arlington
Data Analyst, MD,Aberdeen Proving Ground
Data Analyst, CA,Sacramento
Data Analyst, SC,Fort Mill
Data Analyst, NJ,Florham Park
Data Scientist, VA,McLean
Data Analyst, PA,Fort Washington
Data Analyst, NY,Lake Success
Data Analyst, AZ,Phoenix
Data Analyst, CA,Santa Monica
Data Analyst, CA,Westlake Village
Data Analyst, CA,El Segundo
Data Analyst, WA,Bellevue
Data Analyst, NJ,Jersey City
Data Analyst, MD,Fulton
Data Analyst, CA,Westlake Village
Data Analyst, MD,Rockville
Data Analyst, PA,King of Prussia
Data Analyst, FL,Boca Raton
Data Scientist, TN,Brentwood
Data Analyst, IN,Carmel
Data Analyst, AZ,Tucson
Data Analyst, IL,East Alton
Data Analyst, MD,Timonium
Data Analyst, CA,Irvine
Data Analyst, MA,Framingham
Data Analyst, VA,Vienna
Data Analyst, TX,Houston
Data Analyst, TX,Dallas
Data Analyst, MA,Framingham
Data Analyst, MA,Cambridge
Data Analyst, PA,Blue Bell
Data Analyst, DC,Washington
Data Analyst, CO,Longmont
Data Analyst, MI,Southfield
Data Analyst, PA,Harrisburg
Data Analyst, CA,San Diego
Data Analyst, CA,San Francisco
Data Analyst, IN,Merrillville
Data Analyst, TN,Memphis
Data Analyst, NY,Brooklyn
Data Analyst, NY,New York
Data Analyst, VA,Falls Church
Data Analyst, FL,Lake Mary
Data Analyst, PA,Seven Fields
Data Analyst, MN,Minneapolis
Data Analyst, MI,Troy
Data Analyst, VA,Chantilly
Data Analyst, IL,Chicago
Data Analyst, NY,Tarrytown
Data Analyst, CA,Woodland Hills
Data Analyst, NY,New York
Data Analyst, OK,Oklahoma City
Data Analyst, NY,New York
Data Analyst, WA,Seattle
Data Analyst, NC,Durham
Data Analyst, MD,Fort Meade
Data Analyst, NY,New York
Data Analyst, DC,Washington
Data Analyst, CA,Union City
Data Analyst, NY,Pearl River
Data Analyst, CA,Irvine
Data Analyst, TX,Plano
Data Analyst, VA,Fort Belvoir
Data Analyst, CA,Menlo Park
Data Analyst, MO,Springfield
Data Analyst, CA,Calabasas
Data Analyst, MA,Waltham
Data Analyst, NY,New York
Data Analyst, OH,Akron
Data Analyst, IL,Northbrook
Data Analyst, GA,Atlanta
Data Analyst, MI,Grand Rapids
Data Analyst, MD,Rockville
Data Analyst, TX,San Antonio
Data Analyst, MA,Boston
Data Analyst, MA,Watertown
Data Analyst, CA,Watsonville
Data Analyst, MA,Watertown
Data Analyst, CA,Glendale
Data Analyst, CA,Burlingame
Data Analyst, CA,San Mateo
Data Analyst, MA,Cambridge
Data Analyst, NY,New York
Data Analyst, WI,Madison
Data Analyst, CA,Los Angeles
Data Analyst, OH,Wilmington
Data Scientist, PA,Phila
Data Analyst, TX,Austin
Data Analyst, SC,Greenville
Data Analyst, CA,Alameda
Data Analyst, NY,New York
Data Analyst, VA,Chantilly
Data Analyst, MD,North East
Data Analyst, VA,Reston
Data Analyst, OR,Beaverton
Data Analyst, CO,Colorado Springs
Data Analyst, CA,San Francisco
Data Analyst, NJ,Woodbridge
Data Analyst, OH,Cincinnati
Data Analyst, MO,Kansas City
Data Analyst, MA,Boston
Data Analyst, NY,New York
Data Analyst, MA,Weymouth
Data Analyst, VA,Reston
Data Scientist, NY,Rockville Centre
Data Analyst, TX,Houston
Data Analyst, NY,Clifton Park
Data Analyst, TN,Millington
Data Analyst, AL,Birmingham
Data Analyst, MD,Gaithersburg
Data Analyst, DC,Washington
Data Analyst, OH,West Chester
Data Analyst, NY,New York
Data Analyst, WI,Weston
Data Analyst, CO,Longmont
Data Analyst, NY,Lagrangeville
Data Analyst, WA,Tukwila
Data Analyst, DC,Washington
Data Analyst, NJ,Ridgefield Park
Data Analyst, KS,Olathe
Data Analyst, CA,San Francisco
Data Analyst, CA,San Francisco
Data Analyst, NE,Lincoln
Data Analyst, IL,Chicago
Data Analyst, PA,Marietta
Data Analyst, NY,New York
Data Analyst, CO,Denver
Data Analyst, VA,Arlington
Data Analyst, MI,Lansing
Data Analyst, NY,New York
Data Analyst, MA,Boston
Data Analyst, VA,Arlington
Data Analyst, CA,San Francisco
Data Analyst, NY,Ithaca
Data Analyst, NY,New York
Data Analyst, NY,New York
Data Analyst, VA,Arlington
Data Analyst, NJ,Fort Lee
Data Analyst, VA,Reston
Data Analyst, CA,Concord
Data Analyst, MO,Saint Louis
Data Analyst, NC,Durham
Data Analyst, NY,Rochester
Data Analyst, MA,Boston
Data Analyst, NY,New York
Data Analyst, MA,Cambridge
Data Analyst, VA,McLean
Data Analyst, CA,Santa Clara
Data Analyst, AZ,Phoenix
Data Analyst, VA,Reston
Data Analyst, MD,Baltimore
Data Analyst, MD,Baltimore
Data Analyst, MD,North East
Data Analyst, MI,Ann Arbor
Data Analyst, NY,New York
Data Analyst, NY,New York
Data Analyst, DC,Washington
Data Analyst, NY,New York
Data Analyst, MD,Baltimore
Data Analyst, NC,Charlotte
Data Analyst, OR,Beaverton
Data Analyst, GA,Peachtree City
Data Analyst, VA,Quantico
Data Analyst, CO,Colorado Springs
Data Analyst, IL,Bannockburn
Data Analyst, OH,Cincinnati
Data Analyst, VA,Suffolk
Data Analyst, MO,Kansas City
Data Analyst, VA,Bassett
Data Analyst, OH,Cincinnati
Data Analyst, VA,Suffolk
Data Analyst, MO,Kansas City
Data Analyst, VA,Fairfax
Data Analyst, TX,Frisco
Data Analyst, MO,Saint Louis
Data Analyst, MA,Boston
Data Analyst, NY,New York
Data Analyst, PA,Philadelphia
Data Analyst, MA,Weymouth
Data Analyst, VA,Reston
Data Analyst, CA,San Francisco
Data Scientist, NY,Rockville Centre
Data Analyst, CA,San Ysidro
Data Analyst, WA,Seattle
Data Analyst, VA,Vienna
Data Analyst, OH,Cleveland
Data Analyst, NC,Jacksonville
Data Analyst, MO,Grain Valley
Data Analyst, TX,Houston
Data Analyst, NY,Clifton Park
Data Analyst, TX,Irving
Data Analyst, AL,Birmingham
Data Analyst, VA,McLean
Data Analyst, GA,Augusta
Data Analyst, MD,Gaithersburg
Data Analyst, VA,Arlington
Data Analyst, OH,West Chester
Data Analyst, PA,Pittsburgh
Data Analyst, NY,New York
Data Analyst, CO,Denver
Data Analyst, OH,Mentor
Data Analyst, WI,Weston
Data Analyst, CO,Longmont
Data Scientist, VA,McLean
Data Analyst, NY,Lagrangeville
Data Analyst, AL,Huntsville
Data Analyst, WA,Tukwila
Data Analyst, NJ,Ridgefield Park
Data Analyst, CA,Agoura Hills
Data Analyst, AL,Huntsville
Data Analyst, KS,Olathe
Data Analyst, DC,Washington
Data Analyst, TX,Dallas
Data Analyst, CA,San Francisco
Data Analyst, NC,Charlotte
Data Analyst, PA,Marietta
Data Analyst, IL,Chicago
Data Analyst, MO,Columbia
Data Analyst, NY,New York
Data Analyst, DC,Washington
Data Analyst, NY,New York
Data Analyst, LA,New Orleans
Data Analyst, TX,Plano
Data Analyst, CO,Denver
Data Analyst, MI,Lansing
Data Analyst, IL,Schaumburg
Data Analyst, AZ,Mesa
Data Analyst, PA,Phila
Data Analyst, VA,Arlington
Data Analyst, MD,Baltimore
Data Analyst, CA,Los Angeles
Data Analyst, OH,Fairfield
Data Analyst, VA,Arlington
Data Analyst, MD,Baltimore
Data Analyst, CA,Los Angeles
Data Analyst, OH,Fairfield
Data Analyst, NY,Rochester
Data Analyst, NY,New York
Data Analyst, MA,Boston
Data Analyst, NC,Chapel Hill
Data Analyst, IL,North Chicago
Data Analyst, NY,Ithaca
Data Analyst, NY,Brooklyn
Data Analyst, OH,Cincinnati
Data Analyst, NY,Lake Success
Data Analyst, CA,San Francisco
Data Analyst, NY,New York
Data Analyst, MD,Bethesda
Data Analyst, NY,New York
Data Analyst, VA,Arlington
Data Analyst, CA,San Jose
Data Analyst, SC,Spartanburg
Data Analyst, VA,Reston
Data Analyst, OK,Oklahoma City
Data Analyst, FL,Juno Beach
Data Analyst, MO,Saint Louis
Data Analyst, NY,Rochester
Data Analyst, MO,Grain Valley
Data Analyst, OH,Toledo
Data Analyst, TX,Fort Worth
Data Analyst, MA,Boston
Data Analyst, DC,Washington
Data Analyst, NC,Durham
Data Analyst, FL,Jacksonville
Data Analyst, MA,Boston
Data Analyst, TX,Plano
Data Analyst, VA,Arlington
Data Analyst, NY,New York
Data Analyst, NY,Lake Success
Data Analyst, MA,Cambridge
Data Analyst, CA,Foster City
Data Analyst, NY,New York
Data Analyst, MN,Saint Paul
Data Analyst, NY,New York
Data Analyst, IL,Chicago
Data Analyst, IL,Chicago
Data Analyst, NY,New York
Data Analyst, NY,Bronx
Data Analyst, CA,San Francisco
Data Analyst, GA,Atlanta
Data Analyst, VA,Arlington
Data Analyst, TX,Dallas
Data Analyst, VA,Quantico
Data Analyst, VA,Sterling
Data Analyst, MA,Watertown
Data Analyst, VA,Falls Church
Data Analyst, NY,New York
Data Analyst, CO,Lakewood
Data Analyst, GA,Atlanta
Data Analyst, MO,Saint Louis
Data Analyst, AZ,Phoenix
Data Analyst, CA,San Francisco
Data Analyst, NY,New York
Data Analyst, TX,Austin
Data Analyst, CA,Redwood City
Data Analyst, NY,New York
Data Analyst, CA,San Francisco
Data Analyst, VA,McLean
Data Analyst, CO,Lakewood
Data Analyst, NC,Charlotte
Data Analyst, GA,Atlanta
Data Analyst, AZ,Phoenix
Data Analyst, CA,San Francisco
Data Analyst, NY,New York
Data Analyst, TX,Austin
Data Scientist, MA,Boston
Data Analyst, PA,Philadelphia
Data Analyst, NJ,Ridgefield Park
Data Analyst, CA,Dublin
Data Analyst, NY,New York
Data Analyst, TX,Austin
Data Analyst, CA,Cupertino
Data Analyst, CA,Sunnyvale
Data Analyst, CA,Los Angeles
Data Analyst, FL,Naples
Data Analyst, MD,Rockville
Data Analyst, IL,Chicago
Data Scientist, IL,Riverwoods
Data Analyst, DC,Washington
Data Analyst, CA,Orange
Data Analyst, VA,McLean
Data Analyst, NV,Las Vegas
Data Analyst, MA,Worcester
Data Analyst, NJ,Somerset
Data Analyst, WA,Seattle
Data Analyst, UT,Logan
Data Analyst, TX,Austin
Data Analyst, MA,Watertown
Data Analyst, CA,Alameda
Data Analyst, NY,New York
Data Analyst, TN,Nashville
Data Analyst, NY,New York
Data Analyst, DC,Washington
Data Analyst, AZ,Tempe
Data Analyst, MD,Baltimore
Data Analyst, IL,Springfield
Data Analyst, PA,Canonsburg
Data Analyst, NY,New York
Data Analyst, MD,Bethesda
Data Analyst, CA,San Jose
Data Analyst, VA,Arlington
Data Analyst, VA,Reston
Data Analyst, SC,Spartanburg
Data Analyst, WA,Redmond
Data Analyst, NJ,Fort Lee
Data Analyst, VA,Quantico
Data Analyst, NY,New York
Data Analyst, MD,Annapolis
Data Analyst, OK,Norman
Data Analyst, TX,Galveston
Data Analyst, WA,Olympia
Data Analyst, CA,Concord
Data Analyst, NY,Bronx
Data Analyst, NY,New York
Data Analyst, PA,Horsham
Data Analyst, NC,Chapel Hill
Data Analyst, NY,New York
Data Analyst, VA,Reston
Data Analyst, OK,Oklahoma City
Data Analyst, FL,Juno Beach
Data Analyst, NY,Rochester
Data Analyst, MO,Saint Louis
Data Analyst, IL,Chicago
Data Analyst, MO,Grain Valley
Data Analyst, PA,Philadelphia
Data Analyst, CA,Los Angeles
Data Analyst, MA,Boston
Data Analyst, DC,Washington
Data Analyst, LA,New Orleans
Data Analyst, TX,Irving
Data Analyst, NC,Durham
Data Analyst, NE,Lincoln
Data Analyst, PA,West Chester
Data Analyst, MA,Boston
Data Analyst, FL,Jacksonville
Data Analyst, NJ,Princeton
Data Analyst, TX,Plano
Data Analyst, NC,Elizabeth City
Data Analyst, NY,New York
Data Analyst, VA,Alexandria
Data Analyst, VA,Arlington
Data Analyst, CA,Foster City
Data Analyst, MA,Cambridge
Data Analyst, FL,Oldsmar
Data Analyst, NY,New York
Data Analyst, IN,Lebanon
Data Analyst, MN,Saint Paul
Data Analyst, OH,Akron
Data Analyst, NY,New York
Data Analyst, MN,Saint Paul
Data Analyst, OH,Akron
Data Analyst, NY,New York
Data Analyst, NY,Bronx
Data Analyst, CA,San Francisco
Data Analyst, TN,Antioch
Data Analyst, TX,Pasadena
Data Analyst, GA,Atlanta
Data Analyst, MA,Boston
Data Analyst, CA,San Diego
Data Analyst, KS,Overland Park
Data Analyst, CA,Woodland Hills
Data Analyst, VA,Arlington
Data Analyst, TX,Dallas
Data Analyst, MA,Weymouth
Data Analyst, MA,Boston
Data Analyst, VA,Quantico
Data Analyst, VA,Falls Church
Data Analyst, FL,Gainesville
Data Analyst, WA,Redmond
Data Analyst, MA,Watertown
Data Analyst, GA,Alpharetta
Data Analyst, WA,Tacoma
Data Analyst, NY,New York
Data Analyst, CA,San Francisco
Data Analyst, VA,McLean
Data Analyst, CO,Lakewood
Data Analyst, PA,Camp Hill
Data Analyst, NC,Charlotte
Data Analyst, IL,Chicago
Data Analyst, CA,San Francisco
Data Analyst, GA,Atlanta
Data Analyst, MO,Saint Louis
Data Analyst, CA,Irwindale
Data Analyst, AZ,Phoenix
Data Analyst, MO,Saint Louis
Data Analyst, CA,San Francisco
Data Analyst, NY,New York
Data Analyst, IL,Springfield
Data Scientist, MA,Boston
Data Analyst, TX,Austin
Data Analyst, PA,Philadelphia
Data Analyst, VA,Reston
Data Analyst, NJ,Ridgefield Park
Data Analyst, NY,New York
Data Analyst, CA,Dublin
Data Analyst, NY,New York
Data Analyst, CA,Cupertino
Data Analyst, TX,Austin
Data Analyst, DC,Washington
Data Analyst, CA,Sunnyvale
Data Analyst, CA,Los Angeles
Data Analyst, AL,Huntsville
Data Analyst, KS,Kansas City
Data Analyst, MD,Rockville
Data Analyst, FL,Naples
Data Analyst, CO,Denver
Data Analyst, IL,Bridgeview
Data Analyst, VA,Virginia Beach
Data Analyst, NJ,Newark
Data Analyst, TX,Austin
Data Analyst, FL,Jacksonville
Data Analyst, NY,New York
Data Analyst, NJ,Jersey City
Data Analyst, IL,Waukegan
Data Analyst, IL,Chicago
Data Analyst, NY,New York
Data Analyst, NY,New York
Data Analyst, CA,Palo Alto
Data Analyst, DC,Washington
Data Analyst, CA,Orange
Data Analyst, DC,Washington
Data Analyst, NV,Las Vegas
Data Analyst, VA,McLean
Data Analyst, VA,McLean
Data Analyst, NY,New York
Data Analyst, WI,Madison
Data Analyst, WA,Seattle
Data Analyst, NJ,Somerset
Data Analyst, UT,Logan
Data Analyst, MA,Watertown
Data Analyst, WA,Seattle
Data Analyst, CA,Woodland Hills
Data Scientist, NY,New York
Data Analyst, TX,Irving
Data Analyst, NY,New York
Data Analyst, CA,Alameda
Data Analyst, WI,Madison
Data Analyst, MD,Patuxent River
Data Analyst, NY,New York
Data Analyst, NY,New York
Data Analyst, DC,Washington
Data Analyst, TN,Nashville
Data Analyst, MD,Baltimore
Data Analyst, MD,Baltimore
